id,date,prcp
US1SDFR0001,2007-07-01,
US1SDFR0001,2007-07-02,
US1SDFR0001,2007-07-03,
US1SDFR0001,2007-07-04,
US1SDFR0001,2007-07-05,
US1SDFR0001,2007-07-06,
US1SDFR0001,2007-07-07,
US1SDFR0001,2007-07-08,
US1SDFR0001,2007-07-09,
US1SDFR0001,2007-07-10,
US1SDFR0001,2007-07-11,
US1SDFR0001,2007-07-12,
US1SDFR0001,2007-07-13,
US1SDFR0001,2007-07-14,
US1SDFR0001,2007-07-15,
US1SDFR0001,2007-07-16,
US1SDFR0001,2007-07-17,
US1SDFR0001,2007-07-18,
US1SDFR0001,2007-07-19,224
US1SDFR0001,2007-07-20,
US1SDFR0001,2007-07-21,
US1SDFR0001,2007-07-22,
US1SDFR0001,2007-07-23,
US1SDFR0001,2007-07-24,
US1SDFR0001,2007-07-25,
US1SDFR0001,2007-07-26,104
US1SDFR0001,2007-07-27,
US1SDFR0001,2007-07-28,
US1SDFR0001,2007-07-29,
US1SDFR0001,2007-07-30,
US1SDFR0001,2007-07-31,
US1SDFR0001,2007-08-01,
US1SDFR0001,2007-08-02,8
US1SDFR0001,2007-08-03,312
US1SDFR0001,2007-08-04,
US1SDFR0001,2007-08-05,
US1SDFR0001,2007-08-06,
US1SDFR0001,2007-08-07,
US1SDFR0001,2007-08-08,33
US1SDFR0001,2007-08-09,
US1SDFR0001,2007-08-10,3
US1SDFR0001,2007-08-11,
US1SDFR0001,2007-08-12,
US1SDFR0001,2007-08-13,
US1SDFR0001,2007-08-14,
US1SDFR0001,2007-08-15,5
US1SDFR0001,2007-08-16,30
US1SDFR0001,2007-08-17,
US1SDFR0001,2007-08-18,
US1SDFR0001,2007-08-19,18
US1SDFR0001,2007-08-20,
US1SDFR0001,2007-08-21,
US1SDFR0001,2007-08-22,
US1SDFR0001,2007-08-23,74
US1SDFR0001,2007-08-24,
US1SDFR0001,2007-08-25,117
US1SDFR0001,2007-08-26,
US1SDFR0001,2007-08-27,
US1SDFR0001,2007-08-28,
US1SDFR0001,2007-08-29,
US1SDFR0001,2007-08-30,
US1SDFR0001,2007-08-31,
US1SDFR0001,2007-09-01,
US1SDFR0001,2007-09-02,
US1SDFR0001,2007-09-03,213
US1SDFR0001,2007-09-04,
US1SDFR0001,2007-09-05,
US1SDFR0001,2007-09-06,28
US1SDFR0001,2007-09-07,
US1SDFR0001,2007-09-08,
US1SDFR0001,2007-09-09,
US1SDFR0001,2007-09-10,180
US1SDFR0001,2007-09-11,
US1SDFR0001,2007-09-12,
US1SDFR0001,2007-09-13,
US1SDFR0001,2007-09-14,
US1SDFR0001,2007-09-15,
US1SDFR0001,2007-09-16,
US1SDFR0001,2007-09-17,
US1SDFR0001,2007-09-18,13
US1SDFR0001,2007-09-19,
US1SDFR0001,2007-09-20,
US1SDFR0001,2007-09-21,
US1SDFR0001,2007-09-22,
US1SDFR0001,2007-09-23,
US1SDFR0001,2007-09-24,10
US1SDFR0001,2007-09-25,
US1SDFR0001,2007-09-26,
US1SDFR0001,2007-09-27,
US1SDFR0001,2007-09-28,
US1SDFR0001,2007-09-29,
US1SDFR0001,2007-09-30,76
US1SDFR0001,2007-10-01,
US1SDFR0001,2007-10-02,
US1SDFR0001,2007-10-03,
US1SDFR0001,2007-10-04,
US1SDFR0001,2007-10-05,
US1SDFR0001,2007-10-06,
US1SDFR0001,2007-10-07,23
US1SDFR0001,2007-10-08,13
US1SDFR0001,2007-10-09,
US1SDFR0001,2007-10-10,
US1SDFR0001,2007-10-11,
US1SDFR0001,2007-10-12,
US1SDFR0001,2007-10-13,
US1SDFR0001,2007-10-14,259
US1SDFR0001,2007-10-15,33
US1SDFR0001,2007-10-16,
US1SDFR0001,2007-10-17,
US1SDFR0001,2007-10-18,
US1SDFR0001,2007-10-19,
US1SDFR0001,2007-10-20,
US1SDFR0001,2007-10-21,
US1SDFR0001,2007-10-22,
US1SDFR0001,2007-10-23,
US1SDFR0001,2007-10-24,
US1SDFR0001,2007-10-25,
US1SDFR0001,2007-10-26,
US1SDFR0001,2007-10-27,
US1SDFR0001,2007-10-28,
US1SDFR0001,2007-10-29,
US1SDFR0001,2007-10-30,
US1SDFR0001,2007-10-31,
US1SDFR0001,2007-11-01,
US1SDFR0001,2007-11-02,
US1SDFR0001,2007-11-03,
US1SDFR0001,2007-11-04,
US1SDFR0001,2007-11-05,
US1SDFR0001,2007-11-06,
US1SDFR0001,2007-11-07,
US1SDFR0001,2007-11-08,
US1SDFR0001,2007-11-09,
US1SDFR0001,2007-11-10,
US1SDFR0001,2007-11-11,
US1SDFR0001,2007-11-12,3
US1SDFR0001,2007-11-13,
US1SDFR0001,2007-11-14,
US1SDFR0001,2007-11-15,
US1SDFR0001,2007-11-16,
US1SDFR0001,2007-11-17,
US1SDFR0001,2007-11-18,8
US1SDFR0001,2007-11-19,
US1SDFR0001,2007-11-20,
US1SDFR0001,2007-11-21,
US1SDFR0001,2007-11-22,
US1SDFR0001,2007-11-23,
US1SDFR0001,2007-11-24,
US1SDFR0001,2007-11-25,
US1SDFR0001,2007-11-26,
US1SDFR0001,2007-11-27,
US1SDFR0001,2007-11-28,
US1SDFR0001,2007-11-29,
US1SDFR0001,2007-11-30,
US1SDFR0001,2007-12-01,18
US1SDFR0001,2007-12-02,15
US1SDFR0001,2007-12-03,
US1SDFR0001,2007-12-04,
US1SDFR0001,2007-12-05,
US1SDFR0001,2007-12-06,
US1SDFR0001,2007-12-07,18
US1SDFR0001,2007-12-08,48
US1SDFR0001,2007-12-09,18
US1SDFR0001,2007-12-10,
US1SDFR0001,2007-12-11,
US1SDFR0001,2007-12-12,
US1SDFR0001,2007-12-13,
US1SDFR0001,2007-12-14,23
US1SDFR0001,2007-12-15,
US1SDFR0001,2007-12-16,
US1SDFR0001,2007-12-17,
US1SDFR0001,2007-12-18,
US1SDFR0001,2007-12-19,
US1SDFR0001,2007-12-20,
US1SDFR0001,2007-12-21,
US1SDFR0001,2007-12-22,15
US1SDFR0001,2007-12-23,0
US1SDFR0001,2007-12-24,
US1SDFR0001,2007-12-25,28
US1SDFR0001,2007-12-26,
US1SDFR0001,2007-12-27,
US1SDFR0001,2007-12-28,
US1SDFR0001,2007-12-29,
US1SDFR0001,2007-12-30,
US1SDFR0001,2007-12-31,
US1SDFR0001,2008-01-01,
US1SDFR0001,2008-01-02,
US1SDFR0001,2008-01-03,
US1SDFR0001,2008-01-04,
US1SDFR0001,2008-01-05,
US1SDFR0001,2008-01-06,
US1SDFR0001,2008-01-07,
US1SDFR0001,2008-01-08,
US1SDFR0001,2008-01-09,
US1SDFR0001,2008-01-10,
US1SDFR0001,2008-01-11,
US1SDFR0001,2008-01-12,
US1SDFR0001,2008-01-13,
US1SDFR0001,2008-01-14,
US1SDFR0001,2008-01-15,
US1SDFR0001,2008-01-16,
US1SDFR0001,2008-01-17,
US1SDFR0001,2008-01-18,
US1SDFR0001,2008-01-19,
US1SDFR0001,2008-01-20,3
US1SDFR0001,2008-01-21,58
US1SDFR0001,2008-01-22,0
US1SDFR0001,2008-01-23,
US1SDFR0001,2008-01-24,
US1SDFR0001,2008-01-25,
US1SDFR0001,2008-01-26,
US1SDFR0001,2008-01-27,
US1SDFR0001,2008-01-28,
US1SDFR0001,2008-01-29,0
US1SDFR0001,2008-01-30,
US1SDFR0001,2008-01-31,
US1SDFR0001,2008-02-01,
US1SDFR0001,2008-02-02,
US1SDFR0001,2008-02-03,
US1SDFR0001,2008-02-04,
US1SDFR0001,2008-02-05,13
US1SDFR0001,2008-02-06,
US1SDFR0001,2008-02-07,
US1SDFR0001,2008-02-08,
US1SDFR0001,2008-02-09,
US1SDFR0001,2008-02-10,
US1SDFR0001,2008-02-11,5
US1SDFR0001,2008-02-12,
US1SDFR0001,2008-02-13,
US1SDFR0001,2008-02-14,
US1SDFR0001,2008-02-15,
US1SDFR0001,2008-02-16,
US1SDFR0001,2008-02-17,
US1SDFR0001,2008-02-18,
US1SDFR0001,2008-02-19,0
US1SDFR0001,2008-02-20,
US1SDFR0001,2008-02-21,
US1SDFR0001,2008-02-22,
US1SDFR0001,2008-02-23,
US1SDFR0001,2008-02-24,
US1SDFR0001,2008-02-25,10
US1SDFR0001,2008-02-26,20
US1SDFR0001,2008-02-27,
US1SDFR0001,2008-02-28,
US1SDFR0001,2008-02-29,
US1SDFR0001,2008-03-01,
US1SDFR0001,2008-03-02,
US1SDFR0001,2008-03-03,
US1SDFR0001,2008-03-04,
US1SDFR0001,2008-03-05,71
US1SDFR0001,2008-03-06,
US1SDFR0001,2008-03-07,
US1SDFR0001,2008-03-08,
US1SDFR0001,2008-03-09,
US1SDFR0001,2008-03-10,
US1SDFR0001,2008-03-11,
US1SDFR0001,2008-03-12,
US1SDFR0001,2008-03-13,
US1SDFR0001,2008-03-14,
US1SDFR0001,2008-03-15,
US1SDFR0001,2008-03-16,0
US1SDFR0001,2008-03-17,64
US1SDFR0001,2008-03-18,
US1SDFR0001,2008-03-19,
US1SDFR0001,2008-03-20,
US1SDFR0001,2008-03-21,
US1SDFR0001,2008-03-22,
US1SDFR0001,2008-03-23,
US1SDFR0001,2008-03-24,
US1SDFR0001,2008-03-25,
US1SDFR0001,2008-03-26,
US1SDFR0001,2008-03-27,
US1SDFR0001,2008-03-28,36
US1SDFR0001,2008-03-29,
US1SDFR0001,2008-03-30,
US1SDFR0001,2008-03-31,104
US1SDFR0001,2008-04-01,23
US1SDFR0001,2008-04-02,
US1SDFR0001,2008-04-03,
US1SDFR0001,2008-04-04,
US1SDFR0001,2008-04-05,
US1SDFR0001,2008-04-06,
US1SDFR0001,2008-04-07,
US1SDFR0001,2008-04-08,84
US1SDFR0001,2008-04-09,
US1SDFR0001,2008-04-10,61
US1SDFR0001,2008-04-11,
US1SDFR0001,2008-04-12,
US1SDFR0001,2008-04-13,
US1SDFR0001,2008-04-14,
US1SDFR0001,2008-04-15,
US1SDFR0001,2008-04-16,
US1SDFR0001,2008-04-17,
US1SDFR0001,2008-04-18,
US1SDFR0001,2008-04-19,
US1SDFR0001,2008-04-20,
US1SDFR0001,2008-04-21,
US1SDFR0001,2008-04-22,
US1SDFR0001,2008-04-23,
US1SDFR0001,2008-04-24,
US1SDFR0001,2008-04-25,23
US1SDFR0001,2008-04-26,
US1SDFR0001,2008-04-27,
US1SDFR0001,2008-04-28,
US1SDFR0001,2008-04-29,
US1SDFR0001,2008-04-30,
US1SDFR0001,2008-05-01,295
US1SDFR0001,2008-05-02,23
US1SDFR0001,2008-05-03,183
US1SDFR0001,2008-05-04,
US1SDFR0001,2008-05-05,
US1SDFR0001,2008-05-06,
US1SDFR0001,2008-05-07,
US1SDFR0001,2008-05-08,48
US1SDFR0001,2008-05-09,41
US1SDFR0001,2008-05-10,117
US1SDFR0001,2008-05-11,43
US1SDFR0001,2008-05-12,
US1SDFR0001,2008-05-13,10
US1SDFR0001,2008-05-14,
US1SDFR0001,2008-05-15,13
US1SDFR0001,2008-05-16,
US1SDFR0001,2008-05-17,
US1SDFR0001,2008-05-18,
US1SDFR0001,2008-05-19,
US1SDFR0001,2008-05-20,
US1SDFR0001,2008-05-21,
US1SDFR0001,2008-05-22,10
US1SDFR0001,2008-05-23,305
US1SDFR0001,2008-05-24,434
US1SDFR0001,2008-05-25,5
US1SDFR0001,2008-05-26,
US1SDFR0001,2008-05-27,117
US1SDFR0001,2008-05-28,8
US1SDFR0001,2008-05-29,
US1SDFR0001,2008-05-30,18
US1SDFR0001,2008-05-31,3
US1SDFR0001,2008-06-01,
US1SDFR0001,2008-06-02,104
US1SDFR0001,2008-06-03,
US1SDFR0001,2008-06-04,0
US1SDFR0001,2008-06-05,36
US1SDFR0001,2008-06-06,18
US1SDFR0001,2008-06-07,5
US1SDFR0001,2008-06-08,
US1SDFR0001,2008-06-09,
US1SDFR0001,2008-06-10,
US1SDFR0001,2008-06-11,
US1SDFR0001,2008-06-12,
US1SDFR0001,2008-06-13,
US1SDFR0001,2008-06-14,
US1SDFR0001,2008-06-15,
US1SDFR0001,2008-06-16,48
US1SDFR0001,2008-06-17,0
US1SDFR0001,2008-06-18,18
US1SDFR0001,2008-06-19,
US1SDFR0001,2008-06-20,13
US1SDFR0001,2008-06-21,56
US1SDFR0001,2008-06-22,
US1SDFR0001,2008-06-23,3
US1SDFR0001,2008-06-24,8
US1SDFR0001,2008-06-25,53
US1SDFR0001,2008-06-26,13
US1SDFR0001,2008-06-27,23
US1SDFR0001,2008-06-28,5
US1SDFR0001,2008-06-29,
US1SDFR0001,2008-06-30,
US1SDFR0001,2008-07-01,216
US1SDFR0001,2008-07-02,310
US1SDFR0001,2008-07-03,0
US1SDFR0001,2008-07-04,
US1SDFR0001,2008-07-05,
US1SDFR0001,2008-07-06,23
US1SDFR0001,2008-07-07,
US1SDFR0001,2008-07-08,20
US1SDFR0001,2008-07-09,
US1SDFR0001,2008-07-10,
US1SDFR0001,2008-07-11,
US1SDFR0001,2008-07-12,
US1SDFR0001,2008-07-13,
US1SDFR0001,2008-07-14,
US1SDFR0001,2008-07-15,
US1SDFR0001,2008-07-16,
US1SDFR0001,2008-07-17,
US1SDFR0001,2008-07-18,488
US1SDFR0001,2008-07-19,
US1SDFR0001,2008-07-20,
US1SDFR0001,2008-07-21,
US1SDFR0001,2008-07-22,
US1SDFR0001,2008-07-23,15
US1SDFR0001,2008-07-24,43
US1SDFR0001,2008-07-25,53
US1SDFR0001,2008-07-26,163
US1SDFR0001,2008-07-27,15
US1SDFR0001,2008-07-28,0
US1SDFR0001,2008-07-29,
US1SDFR0001,2008-07-30,
US1SDFR0001,2008-07-31,
US1SDFR0001,2008-08-01,
US1SDFR0001,2008-08-02,
US1SDFR0001,2008-08-03,
US1SDFR0001,2008-08-04,
US1SDFR0001,2008-08-05,165
US1SDFR0001,2008-08-06,38
US1SDFR0001,2008-08-07,
US1SDFR0001,2008-08-08,
US1SDFR0001,2008-08-09,
US1SDFR0001,2008-08-10,
US1SDFR0001,2008-08-11,74
US1SDFR0001,2008-08-12,
US1SDFR0001,2008-08-13,
US1SDFR0001,2008-08-14,
US1SDFR0001,2008-08-15,48
US1SDFR0001,2008-08-16,41
US1SDFR0001,2008-08-17,
US1SDFR0001,2008-08-18,
US1SDFR0001,2008-08-19,
US1SDFR0001,2008-08-20,
US1SDFR0001,2008-08-21,
US1SDFR0001,2008-08-22,
US1SDFR0001,2008-08-23,
US1SDFR0001,2008-08-24,
US1SDFR0001,2008-08-25,
US1SDFR0001,2008-08-26,
US1SDFR0001,2008-08-27,
US1SDFR0001,2008-08-28,
US1SDFR0001,2008-08-29,
US1SDFR0001,2008-08-30,
US1SDFR0001,2008-08-31,
US1SDFR0001,2008-09-01,
US1SDFR0001,2008-09-02,28
US1SDFR0001,2008-09-03,
US1SDFR0001,2008-09-04,102
US1SDFR0001,2008-09-05,18
US1SDFR0001,2008-09-06,25
US1SDFR0001,2008-09-07,15
US1SDFR0001,2008-09-08,89
US1SDFR0001,2008-09-09,
US1SDFR0001,2008-09-10,
US1SDFR0001,2008-09-11,36
US1SDFR0001,2008-09-12,25
US1SDFR0001,2008-09-13,56
US1SDFR0001,2008-09-14,
US1SDFR0001,2008-09-15,
US1SDFR0001,2008-09-16,
US1SDFR0001,2008-09-17,
US1SDFR0001,2008-09-18,
US1SDFR0001,2008-09-19,
US1SDFR0001,2008-09-20,
US1SDFR0001,2008-09-21,
US1SDFR0001,2008-09-22,
US1SDFR0001,2008-09-23,
US1SDFR0001,2008-09-24,
US1SDFR0001,2008-09-25,
US1SDFR0001,2008-09-26,
US1SDFR0001,2008-09-27,
US1SDFR0001,2008-09-28,
US1SDFR0001,2008-09-29,
US1SDFR0001,2008-09-30,
US1SDFR0001,2008-12-01,
US1SDFR0001,2008-12-02,
US1SDFR0001,2008-12-03,64
US1SDFR0001,2008-12-04,
US1SDFR0001,2008-12-05,
US1SDFR0001,2008-12-06,
US1SDFR0001,2008-12-07,
US1SDFR0001,2008-12-08,
US1SDFR0001,2008-12-09,8
US1SDFR0001,2008-12-10,
US1SDFR0001,2008-12-11,
US1SDFR0001,2008-12-12,
US1SDFR0001,2008-12-13,
US1SDFR0001,2008-12-14,
US1SDFR0001,2008-12-15,
US1SDFR0001,2008-12-16,
US1SDFR0001,2008-12-17,
US1SDFR0001,2008-12-18,
US1SDFR0001,2008-12-19,
US1SDFR0001,2008-12-20,
US1SDFR0001,2008-12-21,
US1SDFR0001,2008-12-22,
US1SDFR0001,2008-12-23,
US1SDFR0001,2008-12-24,
US1SDFR0001,2008-12-25,
US1SDFR0001,2008-12-26,
US1SDFR0001,2008-12-27,
US1SDFR0001,2008-12-28,
US1SDFR0001,2008-12-29,
US1SDFR0001,2008-12-30,
US1SDFR0001,2008-12-31,
US1SDFR0001,2009-04-01,
US1SDFR0001,2009-04-02,
US1SDFR0001,2009-04-03,
US1SDFR0001,2009-04-04,
US1SDFR0001,2009-04-05,
US1SDFR0001,2009-04-06,
US1SDFR0001,2009-04-07,
US1SDFR0001,2009-04-08,
US1SDFR0001,2009-04-09,
US1SDFR0001,2009-04-10,
US1SDFR0001,2009-04-11,
US1SDFR0001,2009-04-12,
US1SDFR0001,2009-04-13,
US1SDFR0001,2009-04-14,
US1SDFR0001,2009-04-15,
US1SDFR0001,2009-04-16,147
US1SDFR0001,2009-04-17,257
US1SDFR0001,2009-04-18,13
US1SDFR0001,2009-04-19,43
US1SDFR0001,2009-04-20,0
US1SDFR0001,2009-04-21,0
US1SDFR0001,2009-04-22,0
US1SDFR0001,2009-04-23,0
US1SDFR0001,2009-04-24,0
US1SDFR0001,2009-04-25,104
US1SDFR0001,2009-04-26,112
US1SDFR0001,2009-04-27,127
US1SDFR0001,2009-04-28,0
US1SDFR0001,2009-04-29,5
US1SDFR0001,2009-04-30,0
US1SDFR0001,2009-05-01,25
US1SDFR0001,2009-05-02,
US1SDFR0001,2009-05-03,
US1SDFR0001,2009-05-04,
US1SDFR0001,2009-05-05,0
US1SDFR0001,2009-05-06,0
US1SDFR0001,2009-05-07,0
US1SDFR0001,2009-05-08,41
US1SDFR0001,2009-05-09,0
US1SDFR0001,2009-05-10,0
US1SDFR0001,2009-05-11,3
US1SDFR0001,2009-05-12,
US1SDFR0001,2009-05-13,0
US1SDFR0001,2009-05-14,
US1SDFR0001,2009-05-15,
US1SDFR0001,2009-05-16,
US1SDFR0001,2009-05-17,
US1SDFR0001,2009-05-18,
US1SDFR0001,2009-05-19,
US1SDFR0001,2009-05-20,
US1SDFR0001,2009-05-21,0
US1SDFR0001,2009-05-22,0
US1SDFR0001,2009-05-23,
US1SDFR0001,2009-05-24,3
US1SDFR0001,2009-05-25,140
US1SDFR0001,2009-05-26,41
US1SDFR0001,2009-05-27,0
US1SDFR0001,2009-05-28,25
US1SDFR0001,2009-05-29,0
US1SDFR0001,2009-05-30,0
US1SDFR0001,2009-05-31,0
US1SDFR0001,2009-06-01,5
US1SDFR0001,2009-06-02,18
US1SDFR0001,2009-06-03,0
US1SDFR0001,2009-06-04,8
US1SDFR0001,2009-06-05,0
US1SDFR0001,2009-06-06,20
US1SDFR0001,2009-06-07,0
US1SDFR0001,2009-06-08,13
US1SDFR0001,2009-06-09,89
US1SDFR0001,2009-06-10,5
US1SDFR0001,2009-06-11,66
US1SDFR0001,2009-06-12,135
US1SDFR0001,2009-06-13,20
US1SDFR0001,2009-06-14,442
US1SDFR0001,2009-06-15,5
US1SDFR0001,2009-06-16,0
US1SDFR0001,2009-06-17,0
US1SDFR0001,2009-06-18,0
US1SDFR0001,2009-06-19,0
US1SDFR0001,2009-06-20,0
US1SDFR0001,2009-06-21,10
US1SDFR0001,2009-06-22,0
US1SDFR0001,2009-06-23,0
US1SDFR0001,2009-06-24,0
US1SDFR0001,2009-06-25,0
US1SDFR0001,2009-06-26,0
US1SDFR0001,2009-06-27,0
US1SDFR0001,2009-06-28,0
US1SDFR0001,2009-06-29,0
US1SDFR0001,2009-06-30,0
US1SDFR0001,2009-07-01,43
US1SDFR0001,2009-07-02,46
US1SDFR0001,2009-07-03,38
US1SDFR0001,2009-07-04,10
US1SDFR0001,2009-07-05,
US1SDFR0001,2009-07-06,0
US1SDFR0001,2009-07-07,
US1SDFR0001,2009-07-08,
US1SDFR0001,2009-07-09,
US1SDFR0001,2009-07-10,36
US1SDFR0001,2009-07-11,
US1SDFR0001,2009-07-12,
US1SDFR0001,2009-07-13,0
US1SDFR0001,2009-07-14,272
US1SDFR0001,2009-07-15,0
US1SDFR0001,2009-07-16,
US1SDFR0001,2009-07-17,0
US1SDFR0001,2009-07-18,3
US1SDFR0001,2009-07-19,0
US1SDFR0001,2009-07-20,0
US1SDFR0001,2009-07-21,58
US1SDFR0001,2009-07-22,0
US1SDFR0001,2009-07-23,0
US1SDFR0001,2009-07-24,0
US1SDFR0001,2009-07-25,0
US1SDFR0001,2009-07-26,0
US1SDFR0001,2009-07-27,8
US1SDFR0001,2009-07-28,51
US1SDFR0001,2009-07-29,5
US1SDFR0001,2009-07-30,0
US1SDFR0001,2009-07-31,
US1SDFR0001,2009-08-01,0
US1SDFR0001,2009-08-02,
US1SDFR0001,2009-08-03,0
US1SDFR0001,2009-08-04,25
US1SDFR0001,2009-08-05,51
US1SDFR0001,2009-08-06,3
US1SDFR0001,2009-08-07,5
US1SDFR0001,2009-08-08,229
US1SDFR0001,2009-08-09,74
US1SDFR0001,2009-08-10,84
US1SDFR0001,2009-08-11,0
US1SDFR0001,2009-08-12,0
US1SDFR0001,2009-08-13,0
US1SDFR0001,2009-08-14,0
US1SDFR0001,2009-08-15,0
US1SDFR0001,2009-08-16,61
US1SDFR0001,2009-08-17,0
US1SDFR0001,2009-08-18,
US1SDFR0001,2009-08-19,13
US1SDFR0001,2009-08-20,8
US1SDFR0001,2009-08-21,0
US1SDFR0001,2009-08-22,
US1SDFR0001,2009-08-23,0
US1SDFR0001,2009-08-24,0
US1SDFR0001,2009-08-25,132
US1SDFR0001,2009-08-26,0
US1SDFR0001,2009-08-27,0
US1SDFR0001,2009-08-28,
US1SDFR0001,2009-08-29,
US1SDFR0001,2009-08-30,
US1SDFR0001,2009-08-31,0
US1SDFR0001,2009-09-01,
US1SDFR0001,2009-09-02,0
US1SDFR0001,2009-09-03,0
US1SDFR0001,2009-09-04,0
US1SDFR0001,2009-09-05,
US1SDFR0001,2009-09-06,
US1SDFR0001,2009-09-07,0
US1SDFR0001,2009-09-08,0
US1SDFR0001,2009-09-09,0
US1SDFR0001,2009-09-10,0
US1SDFR0001,2009-09-11,0
US1SDFR0001,2009-09-12,41
US1SDFR0001,2009-09-13,150
US1SDFR0001,2009-09-14,0
US1SDFR0001,2009-09-15,
US1SDFR0001,2009-09-16,0
US1SDFR0001,2009-09-17,0
US1SDFR0001,2009-09-18,0
US1SDFR0001,2009-09-19,0
US1SDFR0001,2009-09-20,0
US1SDFR0001,2009-09-21,81
US1SDFR0001,2009-09-22,10
US1SDFR0001,2009-09-23,0
US1SDFR0001,2009-09-24,0
US1SDFR0001,2009-09-25,0
US1SDFR0001,2009-09-26,
US1SDFR0001,2009-09-27,0
US1SDFR0001,2009-09-28,0
US1SDFR0001,2009-09-29,0
US1SDFR0001,2009-09-30,0
US1SDFR0001,2009-10-01,3
US1SDFR0001,2009-10-02,0
US1SDFR0001,2009-10-03,
US1SDFR0001,2009-10-04,0
US1SDFR0001,2009-10-05,279
US1SDFR0001,2009-10-06,0
US1SDFR0001,2009-10-07,0
US1SDFR0001,2009-10-08,23
US1SDFR0001,2009-10-09,0
US1SDFR0001,2009-10-10,79
US1SDFR0001,2009-10-11,0
US1SDFR0001,2009-10-12,43
US1SDFR0001,2009-10-13,
US1SDFR0001,2009-10-14,0
US1SDFR0001,2009-10-15,
US1SDFR0001,2009-10-16,0
US1SDFR0001,2009-10-17,0
US1SDFR0001,2009-10-18,0
US1SDFR0001,2009-10-19,0
US1SDFR0001,2009-10-20,23
US1SDFR0001,2009-10-21,56
US1SDFR0001,2009-10-22,23
US1SDFR0001,2009-10-23,0
US1SDFR0001,2009-10-24,0
US1SDFR0001,2009-10-25,5
US1SDFR0001,2009-10-26,18
US1SDFR0001,2009-10-27,
US1SDFR0001,2009-10-28,61
US1SDFR0001,2009-10-29,76
US1SDFR0001,2009-10-30,25
US1SDFR0001,2009-10-31,0
US1SDFR0001,2009-11-01,0
US1SDFR0001,2009-11-02,74
US1SDFR0001,2009-11-03,3
US1SDFR0001,2009-11-04,0
US1SDFR0001,2009-11-05,0
US1SDFR0001,2009-11-06,0
US1SDFR0001,2009-11-07,0
US1SDFR0001,2009-11-08,0
US1SDFR0001,2009-11-09,0
US1SDFR0001,2009-11-10,0
US1SDFR0001,2009-11-11,0
US1SDFR0001,2009-11-12,0
US1SDFR0001,2009-11-13,5
US1SDFR0001,2009-11-14,0
US1SDFR0001,2009-11-15,0
US1SDFR0001,2009-11-16,0
US1SDFR0001,2009-11-17,0
US1SDFR0001,2009-11-18,0
US1SDFR0001,2009-11-19,0
US1SDFR0001,2009-11-20,0
US1SDFR0001,2009-11-21,
US1SDFR0001,2009-11-22,
US1SDFR0001,2009-11-23,
US1SDFR0001,2009-11-24,
US1SDFR0001,2009-11-25,
US1SDFR0001,2009-11-26,
US1SDFR0001,2009-11-27,
US1SDFR0001,2009-11-28,
US1SDFR0001,2009-11-29,
US1SDFR0001,2009-11-30,0
US1SDFR0001,2009-12-01,0
US1SDFR0001,2009-12-02,0
US1SDFR0001,2009-12-03,0
US1SDFR0001,2009-12-04,
US1SDFR0001,2009-12-05,0
US1SDFR0001,2009-12-06,28
US1SDFR0001,2009-12-07,
US1SDFR0001,2009-12-08,8
US1SDFR0001,2009-12-09,20
US1SDFR0001,2009-12-10,
US1SDFR0001,2009-12-11,0
US1SDFR0001,2009-12-12,
US1SDFR0001,2009-12-13,0
US1SDFR0001,2009-12-14,46
US1SDFR0001,2009-12-15,
US1SDFR0001,2009-12-16,
US1SDFR0001,2009-12-17,0
US1SDFR0001,2009-12-18,0
US1SDFR0001,2009-12-19,
US1SDFR0001,2009-12-20,0
US1SDFR0001,2009-12-21,0
US1SDFR0001,2009-12-22,
US1SDFR0001,2009-12-23,0
US1SDFR0001,2009-12-24,
US1SDFR0001,2009-12-25,
US1SDFR0001,2009-12-26,
US1SDFR0001,2009-12-27,
US1SDFR0001,2009-12-28,
US1SDFR0001,2009-12-29,
US1SDFR0001,2009-12-30,
US1SDFR0001,2009-12-31,
US1SDFR0001,2010-01-01,
US1SDFR0001,2010-01-02,
US1SDFR0001,2010-01-03,
US1SDFR0001,2010-01-04,0
US1SDFR0001,2010-01-05,0
US1SDFR0001,2010-01-06,
US1SDFR0001,2010-01-07,
US1SDFR0001,2010-01-08,
US1SDFR0001,2010-01-09,0
US1SDFR0001,2010-01-10,
US1SDFR0001,2010-01-11,
US1SDFR0001,2010-01-12,
US1SDFR0001,2010-01-13,
US1SDFR0001,2010-01-14,
US1SDFR0001,2010-01-15,
US1SDFR0001,2010-01-16,
US1SDFR0001,2010-01-17,
US1SDFR0001,2010-01-18,
US1SDFR0001,2010-01-19,
US1SDFR0001,2010-01-20,
US1SDFR0001,2010-01-21,
US1SDFR0001,2010-01-22,
US1SDFR0001,2010-01-23,
US1SDFR0001,2010-01-24,
US1SDFR0001,2010-01-25,
US1SDFR0001,2010-01-26,
US1SDFR0001,2010-01-27,
US1SDFR0001,2010-01-28,
US1SDFR0001,2010-01-29,
US1SDFR0001,2010-01-30,
US1SDFR0001,2010-01-31,
US1SDFR0001,2010-02-01,
US1SDFR0001,2010-02-02,3
US1SDFR0001,2010-02-03,
US1SDFR0001,2010-02-04,
US1SDFR0001,2010-02-05,102
US1SDFR0001,2010-02-06,0
US1SDFR0001,2010-02-07,
US1SDFR0001,2010-02-08,0
US1SDFR0001,2010-02-09,0
US1SDFR0001,2010-02-10,0
US1SDFR0001,2010-02-11,0
US1SDFR0001,2010-02-12,
US1SDFR0001,2010-02-13,
US1SDFR0001,2010-02-14,0
US1SDFR0001,2010-02-15,0
US1SDFR0001,2010-02-16,0
US1SDFR0001,2010-02-17,0
US1SDFR0001,2010-02-18,0
US1SDFR0001,2010-02-19,76
US1SDFR0001,2010-02-20,
US1SDFR0001,2010-02-21,10
US1SDFR0001,2010-02-22,0
US1SDFR0001,2010-02-23,0
US1SDFR0001,2010-02-24,0
US1SDFR0001,2010-02-25,0
US1SDFR0001,2010-02-26,5
US1SDFR0001,2010-02-27,0
US1SDFR0001,2010-02-28,0
US1SDFR0001,2010-03-01,0
US1SDFR0001,2010-03-02,0
US1SDFR0001,2010-03-03,0
US1SDFR0001,2010-03-04,0
US1SDFR0001,2010-03-05,0
US1SDFR0001,2010-03-06,43
US1SDFR0001,2010-03-07,0
US1SDFR0001,2010-03-08,0
US1SDFR0001,2010-03-09,0
US1SDFR0001,2010-03-10,69
US1SDFR0001,2010-03-11,13
US1SDFR0001,2010-03-12,0
US1SDFR0001,2010-03-13,0
US1SDFR0001,2010-03-14,0
US1SDFR0001,2010-03-15,
US1SDFR0001,2010-03-16,
US1SDFR0001,2010-03-17,
US1SDFR0001,2010-03-18,
US1SDFR0001,2010-03-19,
US1SDFR0001,2010-03-20,
US1SDFR0001,2010-03-21,
US1SDFR0001,2010-03-22,0
US1SDFR0001,2010-03-23,15
US1SDFR0001,2010-03-24,0
US1SDFR0001,2010-03-25,
US1SDFR0001,2010-03-26,0
US1SDFR0001,2010-03-27,0
US1SDFR0001,2010-03-28,0
US1SDFR0001,2010-03-29,
US1SDFR0001,2010-03-30,
US1SDFR0001,2010-03-31,
US1SDFR0001,2010-04-01,10
US1SDFR0001,2010-04-02,213
US1SDFR0001,2010-04-03,0
US1SDFR0001,2010-04-04,36
US1SDFR0001,2010-04-05,13
US1SDFR0001,2010-04-06,0
US1SDFR0001,2010-04-07,122
US1SDFR0001,2010-04-08,3
US1SDFR0001,2010-04-09,0
US1SDFR0001,2010-04-10,79
US1SDFR0001,2010-04-11,0
US1SDFR0001,2010-04-12,0
US1SDFR0001,2010-04-13,0
US1SDFR0001,2010-04-14,0
US1SDFR0001,2010-04-15,0
US1SDFR0001,2010-04-16,0
US1SDFR0001,2010-04-17,0
US1SDFR0001,2010-04-18,20
US1SDFR0001,2010-04-19,0
US1SDFR0001,2010-04-20,5
US1SDFR0001,2010-04-21,3
US1SDFR0001,2010-04-22,48
US1SDFR0001,2010-04-23,297
US1SDFR0001,2010-04-24,224
US1SDFR0001,2010-04-25,0
US1SDFR0001,2010-04-26,51
US1SDFR0001,2010-04-27,0
US1SDFR0001,2010-04-28,0
US1SDFR0001,2010-04-29,0
US1SDFR0001,2010-04-30,0
US1SDFR0001,2010-05-01,0
US1SDFR0001,2010-05-02,0
US1SDFR0001,2010-05-03,
US1SDFR0001,2010-05-04,0
US1SDFR0001,2010-05-05,3
US1SDFR0001,2010-05-06,20
US1SDFR0001,2010-05-07,
US1SDFR0001,2010-05-08,0
US1SDFR0001,2010-05-09,0
US1SDFR0001,2010-05-10,193
US1SDFR0001,2010-05-11,84
US1SDFR0001,2010-05-12,107
US1SDFR0001,2010-05-13,28
US1SDFR0001,2010-05-14,0
US1SDFR0001,2010-05-15,0
US1SDFR0001,2010-05-16,112
US1SDFR0001,2010-05-17,23
US1SDFR0001,2010-05-18,0
US1SDFR0001,2010-05-19,51
US1SDFR0001,2010-05-20,38
US1SDFR0001,2010-05-21,5
US1SDFR0001,2010-05-22,157
US1SDFR0001,2010-05-23,0
US1SDFR0001,2010-05-24,46
US1SDFR0001,2010-05-25,498
US1SDFR0001,2010-05-26,0
US1SDFR0001,2010-05-27,0
US1SDFR0001,2010-05-28,0
US1SDFR0001,2010-05-29,0
US1SDFR0001,2010-05-30,0
US1SDFR0001,2010-05-31,0
US1SDFR0001,2010-06-01,0
US1SDFR0001,2010-06-02,81
US1SDFR0001,2010-06-03,0
US1SDFR0001,2010-06-04,10
US1SDFR0001,2010-06-05,15
US1SDFR0001,2010-06-06,0
US1SDFR0001,2010-06-07,
US1SDFR0001,2010-06-08,51
US1SDFR0001,2010-06-09,0
US1SDFR0001,2010-06-10,41
US1SDFR0001,2010-06-11,8
US1SDFR0001,2010-06-12,64
US1SDFR0001,2010-06-13,145
US1SDFR0001,2010-06-14,274
US1SDFR0001,2010-06-15,43
US1SDFR0001,2010-06-16,0
US1SDFR0001,2010-06-17,198
US1SDFR0001,2010-06-18,0
US1SDFR0001,2010-06-19,0
US1SDFR0001,2010-06-20,198
US1SDFR0001,2010-06-21,0
US1SDFR0001,2010-06-22,84
US1SDFR0001,2010-06-23,112
US1SDFR0001,2010-06-24,
US1SDFR0001,2010-06-25,
US1SDFR0001,2010-06-26,0
US1SDFR0001,2010-06-27,3
US1SDFR0001,2010-06-28,0
US1SDFR0001,2010-06-29,0
US1SDFR0001,2010-06-30,0
US1SDFR0001,2010-07-01,0
US1SDFR0001,2010-07-02,20
US1SDFR0001,2010-07-03,0
US1SDFR0001,2010-07-04,0
US1SDFR0001,2010-07-05,28
US1SDFR0001,2010-07-06,0
US1SDFR0001,2010-07-07,0
US1SDFR0001,2010-07-08,0
US1SDFR0001,2010-07-09,0
US1SDFR0001,2010-07-10,
US1SDFR0001,2010-07-11,
US1SDFR0001,2010-07-12,36
US1SDFR0001,2010-07-13,0
US1SDFR0001,2010-07-14,0
US1SDFR0001,2010-07-15,0
US1SDFR0001,2010-07-16,
US1SDFR0001,2010-07-17,
US1SDFR0001,2010-07-18,13
US1SDFR0001,2010-07-19,0
US1SDFR0001,2010-07-20,0
US1SDFR0001,2010-07-21,0
US1SDFR0001,2010-07-22,297
US1SDFR0001,2010-07-23,28
US1SDFR0001,2010-07-24,0
US1SDFR0001,2010-07-25,0
US1SDFR0001,2010-07-26,0
US1SDFR0001,2010-07-27,0
US1SDFR0001,2010-07-28,0
US1SDFR0001,2010-07-29,0
US1SDFR0001,2010-07-30,455
US1SDFR0001,2010-07-31,
US1SDFR0001,2010-08-01,56
US1SDFR0001,2010-08-02,0
US1SDFR0001,2010-08-03,
US1SDFR0001,2010-08-04,86
US1SDFR0001,2010-08-05,0
US1SDFR0001,2010-08-06,0
US1SDFR0001,2010-08-07,213
US1SDFR0001,2010-08-08,0
US1SDFR0001,2010-08-09,0
US1SDFR0001,2010-08-10,3
US1SDFR0001,2010-08-11,0
US1SDFR0001,2010-08-12,0
US1SDFR0001,2010-08-13,0
US1SDFR0001,2010-08-14,0
US1SDFR0001,2010-08-15,0
US1SDFR0001,2010-08-16,
US1SDFR0001,2010-08-17,203
US1SDFR0001,2010-08-18,0
US1SDFR0001,2010-08-19,0
US1SDFR0001,2010-08-20,0
US1SDFR0001,2010-08-21,
US1SDFR0001,2010-08-22,0
US1SDFR0001,2010-08-23,0
US1SDFR0001,2010-08-24,0
US1SDFR0001,2010-08-25,0
US1SDFR0001,2010-08-26,
US1SDFR0001,2010-08-27,0
US1SDFR0001,2010-08-28,0
US1SDFR0001,2010-08-29,15
US1SDFR0001,2010-08-30,0
US1SDFR0001,2010-08-31,0
US1SDFR0001,2010-09-01,0
US1SDFR0001,2010-09-02,13
US1SDFR0001,2010-09-03,
US1SDFR0001,2010-09-04,
US1SDFR0001,2010-09-05,
US1SDFR0001,2010-09-06,
US1SDFR0001,2010-09-07,
US1SDFR0001,2010-09-08,0
US1SDFR0001,2010-09-09,0
US1SDFR0001,2010-09-10,193
US1SDFR0001,2010-09-11,0
US1SDFR0001,2010-09-12,0
US1SDFR0001,2010-09-13,0
US1SDFR0001,2010-09-14,0
US1SDFR0001,2010-09-15,0
US1SDFR0001,2010-09-16,0
US1SDFR0001,2010-09-17,0
US1SDFR0001,2010-09-18,5
US1SDFR0001,2010-09-19,8
US1SDFR0001,2010-09-20,0
US1SDFR0001,2010-09-21,0
US1SDFR0001,2010-09-22,0
US1SDFR0001,2010-09-23,107
US1SDFR0001,2010-09-24,66
US1SDFR0001,2010-09-25,0
US1SDFR0001,2010-09-26,
US1SDFR0001,2010-09-27,0
US1SDFR0001,2010-09-28,0
US1SDFR0001,2010-09-29,0
US1SDFR0001,2010-09-30,0
US1SDFR0001,2010-10-01,0
US1SDFR0001,2010-10-02,0
US1SDFR0001,2010-10-03,
US1SDFR0001,2010-10-04,0
US1SDFR0001,2010-10-05,0
US1SDFR0001,2010-10-06,0
US1SDFR0001,2010-10-07,
US1SDFR0001,2010-10-08,
US1SDFR0001,2010-10-09,
US1SDFR0001,2010-10-10,
US1SDFR0001,2010-10-11,
US1SDFR0001,2010-10-12,
US1SDFR0001,2010-10-13,
US1SDFR0001,2010-10-14,0
US1SDFR0001,2010-10-15,0
US1SDFR0001,2010-10-16,0
US1SDFR0001,2010-10-17,
US1SDFR0001,2010-10-18,
US1SDFR0001,2010-10-19,0
US1SDFR0001,2010-10-20,0
US1SDFR0001,2010-10-21,0
US1SDFR0001,2010-10-22,0
US1SDFR0001,2010-10-23,36
US1SDFR0001,2010-10-24,0
US1SDFR0001,2010-10-25,5
US1SDFR0001,2010-10-26,0
US1SDFR0001,2010-10-27,0
US1SDFR0001,2010-10-28,0
US1SDFR0001,2010-10-29,
US1SDFR0001,2010-10-30,
US1SDFR0001,2010-10-31,
US1SDFR0001,2010-11-01,0
US1SDFR0001,2010-11-02,0
US1SDFR0001,2010-11-03,0
US1SDFR0001,2010-11-04,0
US1SDFR0001,2010-11-05,0
US1SDFR0001,2010-11-06,0
US1SDFR0001,2010-11-07,
US1SDFR0001,2010-11-08,0
US1SDFR0001,2010-11-09,0
US1SDFR0001,2010-11-10,18
US1SDFR0001,2010-11-11,0
US1SDFR0001,2010-11-12,
US1SDFR0001,2010-11-13,0
US1SDFR0001,2010-11-14,0
US1SDFR0001,2010-11-15,0
US1SDFR0001,2010-11-16,0
US1SDFR0001,2010-11-17,13
US1SDFR0001,2010-11-18,0
US1SDFR0001,2010-11-19,0
US1SDFR0001,2010-11-20,0
US1SDFR0001,2010-11-21,0
US1SDFR0001,2010-11-22,89
US1SDFR0001,2010-11-23,0
US1SDFR0001,2010-11-24,0
US1SDFR0001,2010-11-25,0
US1SDFR0001,2010-11-26,0
US1SDFR0001,2010-11-27,0
US1SDFR0001,2010-11-28,0
US1SDFR0001,2010-11-29,0
US1SDFR0001,2010-11-30,0
US1SDFR0001,2010-12-01,0
US1SDFR0001,2010-12-02,0
US1SDFR0001,2010-12-03,
US1SDFR0001,2010-12-04,0
US1SDFR0001,2010-12-05,0
US1SDFR0001,2010-12-06,0
US1SDFR0001,2010-12-07,0
US1SDFR0001,2010-12-08,0
US1SDFR0001,2010-12-09,
US1SDFR0001,2010-12-10,0
US1SDFR0001,2010-12-11,0
US1SDFR0001,2010-12-12,0
US1SDFR0001,2010-12-13,0
US1SDFR0001,2010-12-14,0
US1SDFR0001,2010-12-15,
US1SDFR0001,2010-12-16,23
US1SDFR0001,2010-12-17,0
US1SDFR0001,2010-12-18,0
US1SDFR0001,2010-12-19,0
US1SDFR0001,2010-12-20,51
US1SDFR0001,2010-12-21,0
US1SDFR0001,2010-12-22,0
US1SDFR0001,2010-12-23,8
US1SDFR0001,2010-12-24,
US1SDFR0001,2010-12-25,0
US1SDFR0001,2010-12-26,
US1SDFR0001,2010-12-27,0
US1SDFR0001,2010-12-28,0
US1SDFR0001,2010-12-29,0
US1SDFR0001,2010-12-30,0
US1SDFR0001,2010-12-31,61
US1SDFR0001,2011-01-01,
US1SDFR0001,2011-01-02,0
US1SDFR0001,2011-01-03,0
US1SDFR0001,2011-01-04,0
US1SDFR0001,2011-01-05,0
US1SDFR0001,2011-01-06,0
US1SDFR0001,2011-01-07,0
US1SDFR0001,2011-01-08,0
US1SDFR0001,2011-01-09,69
US1SDFR0001,2011-01-10,13
US1SDFR0001,2011-01-11,0
US1SDFR0001,2011-01-12,0
US1SDFR0001,2011-01-13,0
US1SDFR0001,2011-01-14,0
US1SDFR0001,2011-01-15,0
US1SDFR0001,2011-01-16,0
US1SDFR0001,2011-01-17,0
US1SDFR0001,2011-01-18,0
US1SDFR0001,2011-01-19,23
US1SDFR0001,2011-01-20,25
US1SDFR0001,2011-01-21,0
US1SDFR0001,2011-01-22,0
US1SDFR0001,2011-01-23,13
US1SDFR0001,2011-01-24,0
US1SDFR0001,2011-01-25,0
US1SDFR0001,2011-01-26,0
US1SDFR0001,2011-01-27,0
US1SDFR0001,2011-01-28,0
US1SDFR0001,2011-01-29,0
US1SDFR0001,2011-01-30,0
US1SDFR0001,2011-01-31,36
US1SDFR0001,2011-02-01,0
US1SDFR0001,2011-02-02,
US1SDFR0001,2011-02-03,0
US1SDFR0001,2011-02-04,0
US1SDFR0001,2011-02-05,0
US1SDFR0001,2011-02-06,0
US1SDFR0001,2011-02-07,0
US1SDFR0001,2011-02-08,33
US1SDFR0001,2011-02-09,0
US1SDFR0001,2011-02-10,0
US1SDFR0001,2011-02-11,0
US1SDFR0001,2011-02-12,0
US1SDFR0001,2011-02-13,0
US1SDFR0001,2011-02-14,0
US1SDFR0001,2011-02-15,0
US1SDFR0001,2011-02-16,0
US1SDFR0001,2011-02-17,0
US1SDFR0001,2011-02-18,0
US1SDFR0001,2011-02-19,0
US1SDFR0001,2011-02-20,61
US1SDFR0001,2011-02-21,18
US1SDFR0001,2011-02-22,0
US1SDFR0001,2011-02-23,0
US1SDFR0001,2011-02-24,69
US1SDFR0001,2011-02-25,8
US1SDFR0001,2011-02-26,84
US1SDFR0001,2011-02-27,0
US1SDFR0001,2011-02-28,0
US1SDFR0001,2011-03-01,0
US1SDFR0001,2011-03-02,0
US1SDFR0001,2011-03-03,0
US1SDFR0001,2011-03-04,53
US1SDFR0001,2011-03-05,0
US1SDFR0001,2011-03-06,0
US1SDFR0001,2011-03-07,28
US1SDFR0001,2011-03-08,8
US1SDFR0001,2011-03-09,36
US1SDFR0001,2011-03-10,0
US1SDFR0001,2011-03-11,0
US1SDFR0001,2011-03-12,0
US1SDFR0001,2011-03-13,0
US1SDFR0001,2011-03-14,0
US1SDFR0001,2011-03-15,0
US1SDFR0001,2011-03-16,0
US1SDFR0001,2011-03-17,0
US1SDFR0001,2011-03-18,0
US1SDFR0001,2011-03-19,0
US1SDFR0001,2011-03-20,0
US1SDFR0001,2011-03-21,0
US1SDFR0001,2011-03-22,0
US1SDFR0001,2011-03-23,20
US1SDFR0001,2011-03-24,0
US1SDFR0001,2011-03-25,0
US1SDFR0001,2011-03-26,74
US1SDFR0001,2011-03-27,0
US1SDFR0001,2011-03-28,28
US1SDFR0001,2011-03-29,8
US1SDFR0001,2011-03-30,0
US1SDFR0001,2011-03-31,0
US1SDFR0001,2011-04-01,15
US1SDFR0001,2011-04-02,0
US1SDFR0001,2011-04-03,0
US1SDFR0001,2011-04-04,0
US1SDFR0001,2011-04-05,0
US1SDFR0001,2011-04-06,33
US1SDFR0001,2011-04-07,0
US1SDFR0001,2011-04-08,0
US1SDFR0001,2011-04-09,18
US1SDFR0001,2011-04-10,41
US1SDFR0001,2011-04-11,28
US1SDFR0001,2011-04-12,0
US1SDFR0001,2011-04-13,18
US1SDFR0001,2011-04-14,23
US1SDFR0001,2011-04-15,10
US1SDFR0001,2011-04-16,
US1SDFR0001,2011-04-17,0
US1SDFR0001,2011-04-18,18
US1SDFR0001,2011-04-19,53
US1SDFR0001,2011-04-20,18
US1SDFR0001,2011-04-21,10
US1SDFR0001,2011-04-22,28
US1SDFR0001,2011-04-23,8
US1SDFR0001,2011-04-24,0
US1SDFR0001,2011-04-25,0
US1SDFR0001,2011-04-26,0
US1SDFR0001,2011-04-27,18
US1SDFR0001,2011-04-28,23
US1SDFR0001,2011-04-29,0
US1SDFR0001,2011-04-30,5
US1SDFR0001,2011-05-01,0
US1SDFR0001,2011-05-02,0
US1SDFR0001,2011-05-03,0
US1SDFR0001,2011-05-04,8
US1SDFR0001,2011-05-05,13
US1SDFR0001,2011-05-06,0
US1SDFR0001,2011-05-07,0
US1SDFR0001,2011-05-08,0
US1SDFR0001,2011-05-09,0
US1SDFR0001,2011-05-10,0
US1SDFR0001,2011-05-11,0
US1SDFR0001,2011-05-12,112
US1SDFR0001,2011-05-13,124
US1SDFR0001,2011-05-14,0
US1SDFR0001,2011-05-15,0
US1SDFR0001,2011-05-16,0
US1SDFR0001,2011-05-17,0
US1SDFR0001,2011-05-18,142
US1SDFR0001,2011-05-19,114
US1SDFR0001,2011-05-20,574
US1SDFR0001,2011-05-21,5
US1SDFR0001,2011-05-22,58
US1SDFR0001,2011-05-23,3
US1SDFR0001,2011-05-24,13
US1SDFR0001,2011-05-25,0
US1SDFR0001,2011-05-26,0
US1SDFR0001,2011-05-27,13
US1SDFR0001,2011-05-28,0
US1SDFR0001,2011-05-29,170
US1SDFR0001,2011-05-30,81
US1SDFR0001,2011-05-31,5
US1SDFR0001,2011-06-01,0
US1SDFR0001,2011-06-02,0
US1SDFR0001,2011-06-03,0
US1SDFR0001,2011-06-04,0
US1SDFR0001,2011-06-05,0
US1SDFR0001,2011-06-06,0
US1SDFR0001,2011-06-07,0
US1SDFR0001,2011-06-08,0
US1SDFR0001,2011-06-09,3
US1SDFR0001,2011-06-10,86
US1SDFR0001,2011-06-11,0
US1SDFR0001,2011-06-12,43
US1SDFR0001,2011-06-13,150
US1SDFR0001,2011-06-14,13
US1SDFR0001,2011-06-15,0
US1SDFR0001,2011-06-16,0
US1SDFR0001,2011-06-17,36
US1SDFR0001,2011-06-18,0
US1SDFR0001,2011-06-19,0
US1SDFR0001,2011-06-20,157
US1SDFR0001,2011-06-21,20
US1SDFR0001,2011-06-22,0
US1SDFR0001,2011-06-23,0
US1SDFR0001,2011-06-24,43
US1SDFR0001,2011-06-25,15
US1SDFR0001,2011-06-26,66
US1SDFR0001,2011-06-27,147
US1SDFR0001,2011-06-28,0
US1SDFR0001,2011-06-29,0
US1SDFR0001,2011-06-30,0
US1SDFR0001,2011-07-01,0
US1SDFR0001,2011-07-02,5
US1SDFR0001,2011-07-03,99
US1SDFR0001,2011-07-04,0
US1SDFR0001,2011-07-05,41
US1SDFR0001,2011-07-06,0
US1SDFR0001,2011-07-07,10
US1SDFR0001,2011-07-08,0
US1SDFR0001,2011-07-09,0
US1SDFR0001,2011-07-10,0
US1SDFR0001,2011-07-11,0
US1SDFR0001,2011-07-12,23
US1SDFR0001,2011-07-13,13
US1SDFR0001,2011-07-14,0
US1SDFR0001,2011-07-15,3
US1SDFR0001,2011-07-16,0
US1SDFR0001,2011-07-17,0
US1SDFR0001,2011-07-18,0
US1SDFR0001,2011-07-19,0
US1SDFR0001,2011-07-20,0
US1SDFR0001,2011-07-21,0
US1SDFR0001,2011-07-22,15
US1SDFR0001,2011-07-23,0
US1SDFR0001,2011-07-24,0
US1SDFR0001,2011-07-25,0
US1SDFR0001,2011-07-26,0
US1SDFR0001,2011-07-27,0
US1SDFR0001,2011-07-28,84
US1SDFR0001,2011-07-29,0
US1SDFR0001,2011-07-30,0
US1SDFR0001,2011-07-31,0
US1SDFR0001,2011-08-01,0
US1SDFR0001,2011-08-02,0
US1SDFR0001,2011-08-03,0
US1SDFR0001,2011-08-04,409
US1SDFR0001,2011-08-05,0
US1SDFR0001,2011-08-06,0
US1SDFR0001,2011-08-07,0
US1SDFR0001,2011-08-08,23
US1SDFR0001,2011-08-09,46
US1SDFR0001,2011-08-10,79
US1SDFR0001,2011-08-11,0
US1SDFR0001,2011-08-12,0
US1SDFR0001,2011-08-13,0
US1SDFR0001,2011-08-14,0
US1SDFR0001,2011-08-15,0
US1SDFR0001,2011-08-16,0
US1SDFR0001,2011-08-17,0
US1SDFR0001,2011-08-18,0
US1SDFR0001,2011-08-19,0
US1SDFR0001,2011-08-20,23
US1SDFR0001,2011-08-21,0
US1SDFR0001,2011-08-22,0
US1SDFR0001,2011-08-23,0
US1SDFR0001,2011-08-24,0
US1SDFR0001,2011-08-25,0
US1SDFR0001,2011-08-26,25
US1SDFR0001,2011-08-27,28
US1SDFR0001,2011-08-28,0
US1SDFR0001,2011-08-29,41
US1SDFR0001,2011-08-30,86
US1SDFR0001,2011-08-31,0
US1SDFR0001,2011-09-01,0
US1SDFR0001,2011-09-02,0
US1SDFR0001,2011-09-03,0
US1SDFR0001,2011-09-04,0
US1SDFR0001,2011-09-05,0
US1SDFR0001,2011-09-06,0
US1SDFR0001,2011-09-07,0
US1SDFR0001,2011-09-08,0
US1SDFR0001,2011-09-09,0
US1SDFR0001,2011-09-10,0
US1SDFR0001,2011-09-11,0
US1SDFR0001,2011-09-12,0
US1SDFR0001,2011-09-13,0
US1SDFR0001,2011-09-14,0
US1SDFR0001,2011-09-15,155
US1SDFR0001,2011-09-16,97
US1SDFR0001,2011-09-17,0
US1SDFR0001,2011-09-18,221
US1SDFR0001,2011-09-19,0
US1SDFR0001,2011-09-20,0
US1SDFR0001,2011-09-21,0
US1SDFR0001,2011-09-22,0
US1SDFR0001,2011-09-23,0
US1SDFR0001,2011-09-24,0
US1SDFR0001,2011-09-25,0
US1SDFR0001,2011-09-26,0
US1SDFR0001,2011-09-27,0
US1SDFR0001,2011-09-28,0
US1SDFR0001,2011-09-29,
US1SDFR0001,2011-09-30,
US1SDFR0001,2011-10-01,
US1SDFR0001,2011-10-02,
US1SDFR0001,2011-10-03,
US1SDFR0001,2011-10-04,8
US1SDFR0001,2011-10-05,0
US1SDFR0001,2011-10-06,0
US1SDFR0001,2011-10-07,117
US1SDFR0001,2011-10-08,0
US1SDFR0001,2011-10-09,99
US1SDFR0001,2011-10-10,8
US1SDFR0001,2011-10-11,0
US1SDFR0001,2011-10-12,0
US1SDFR0001,2011-10-13,0
US1SDFR0001,2011-10-14,0
US1SDFR0001,2011-10-15,0
US1SDFR0001,2011-10-16,0
US1SDFR0001,2011-10-17,0
US1SDFR0001,2011-10-18,33
US1SDFR0001,2011-10-19,0
US1SDFR0001,2011-10-20,0
US1SDFR0001,2011-10-21,0
US1SDFR0001,2011-10-22,0
US1SDFR0001,2011-10-23,0
US1SDFR0001,2011-10-24,0
US1SDFR0001,2011-10-25,0
US1SDFR0001,2011-10-26,0
US1SDFR0001,2011-10-27,0
US1SDFR0001,2011-10-28,0
US1SDFR0001,2011-10-29,0
US1SDFR0001,2011-10-30,0
US1SDFR0001,2011-10-31,0
US1SDFR0001,2011-11-01,0
US1SDFR0001,2011-11-02,18
US1SDFR0001,2011-11-03,0
US1SDFR0001,2011-11-04,0
US1SDFR0001,2011-11-05,0
US1SDFR0001,2011-11-06,0
US1SDFR0001,2011-11-07,0
US1SDFR0001,2011-11-08,0
US1SDFR0001,2011-11-09,0
US1SDFR0001,2011-11-10,0
US1SDFR0001,2011-11-11,0
US1SDFR0001,2011-11-12,0
US1SDFR0001,2011-11-13,0
US1SDFR0001,2011-11-14,0
US1SDFR0001,2011-11-15,0
US1SDFR0001,2011-11-16,0
US1SDFR0001,2011-11-17,0
US1SDFR0001,2011-11-18,0
US1SDFR0001,2011-11-19,91
US1SDFR0001,2011-11-20,10
US1SDFR0001,2011-11-21,0
US1SDFR0001,2011-11-22,0
US1SDFR0001,2011-11-23,0
US1SDFR0001,2011-11-24,
US1SDFR0001,2011-11-25,
US1SDFR0001,2011-11-26,
US1SDFR0001,2011-11-27,
US1SDFR0001,2011-11-28,
US1SDFR0001,2011-11-29,0
US1SDFR0001,2011-11-30,0
US1SDFR0001,2011-12-01,0
US1SDFR0001,2011-12-02,0
US1SDFR0001,2011-12-03,0
US1SDFR0001,2011-12-04,0
US1SDFR0001,2011-12-05,0
US1SDFR0001,2011-12-06,0
US1SDFR0001,2011-12-07,0
US1SDFR0001,2011-12-08,3
US1SDFR0001,2011-12-09,28
US1SDFR0001,2011-12-10,0
US1SDFR0001,2011-12-11,0
US1SDFR0001,2011-12-12,0
US1SDFR0001,2011-12-13,0
US1SDFR0001,2011-12-14,0
US1SDFR0001,2011-12-15,0
US1SDFR0001,2011-12-16,0
US1SDFR0001,2011-12-17,0
US1SDFR0001,2011-12-18,0
US1SDFR0001,2011-12-19,0
US1SDFR0001,2011-12-20,0
US1SDFR0001,2011-12-21,0
US1SDFR0001,2011-12-22,13
US1SDFR0001,2011-12-23,0
US1SDFR0001,2011-12-24,0
US1SDFR0001,2011-12-25,0
US1SDFR0001,2011-12-26,0
US1SDFR0001,2011-12-27,0
US1SDFR0001,2011-12-28,0
US1SDFR0001,2011-12-29,0
US1SDFR0001,2011-12-30,0
US1SDFR0001,2011-12-31,0
US1SDFR0001,2012-01-01,41
US1SDFR0001,2012-01-02,0
US1SDFR0001,2012-01-03,0
US1SDFR0001,2012-01-04,0
US1SDFR0001,2012-01-05,0
US1SDFR0001,2012-01-06,0
US1SDFR0001,2012-01-07,0
US1SDFR0001,2012-01-08,0
US1SDFR0001,2012-01-09,0
US1SDFR0001,2012-01-10,0
US1SDFR0001,2012-01-11,0
US1SDFR0001,2012-01-12,0
US1SDFR0001,2012-01-13,0
US1SDFR0001,2012-01-14,0
US1SDFR0001,2012-01-15,0
US1SDFR0001,2012-01-16,0
US1SDFR0001,2012-01-17,5
US1SDFR0001,2012-01-18,0
US1SDFR0001,2012-01-19,0
US1SDFR0001,2012-01-20,0
US1SDFR0001,2012-01-21,0
US1SDFR0001,2012-01-22,36
US1SDFR0001,2012-01-23,0
US1SDFR0001,2012-01-24,0
US1SDFR0001,2012-01-25,5
US1SDFR0001,2012-01-26,0
US1SDFR0001,2012-01-27,0
US1SDFR0001,2012-01-28,0
US1SDFR0001,2012-01-29,0
US1SDFR0001,2012-01-30,0
US1SDFR0001,2012-01-31,0
US1SDFR0001,2012-02-01,0
US1SDFR0001,2012-02-02,0
US1SDFR0001,2012-02-03,0
US1SDFR0001,2012-02-04,0
US1SDFR0001,2012-02-05,0
US1SDFR0001,2012-02-06,0
US1SDFR0001,2012-02-07,0
US1SDFR0001,2012-02-08,0
US1SDFR0001,2012-02-09,0
US1SDFR0001,2012-02-10,0
US1SDFR0001,2012-02-11,8
US1SDFR0001,2012-02-12,0
US1SDFR0001,2012-02-13,0
US1SDFR0001,2012-02-14,0
US1SDFR0001,2012-02-15,0
US1SDFR0001,2012-02-16,0
US1SDFR0001,2012-02-17,0
US1SDFR0001,2012-02-18,0
US1SDFR0001,2012-02-19,0
US1SDFR0001,2012-02-20,5
US1SDFR0001,2012-02-21,0
US1SDFR0001,2012-02-22,0
US1SDFR0001,2012-02-23,58
US1SDFR0001,2012-02-24,0
US1SDFR0001,2012-02-25,0
US1SDFR0001,2012-02-26,51
US1SDFR0001,2012-02-27,0
US1SDFR0001,2012-02-28,0
US1SDFR0001,2012-02-29,61
US1SDFR0001,2012-03-01,0
US1SDFR0001,2012-03-02,0
US1SDFR0001,2012-03-03,0
US1SDFR0001,2012-03-04,0
US1SDFR0001,2012-03-05,0
US1SDFR0001,2012-03-06,0
US1SDFR0001,2012-03-07,0
US1SDFR0001,2012-03-08,0
US1SDFR0001,2012-03-09,0
US1SDFR0001,2012-03-10,0
US1SDFR0001,2012-03-11,0
US1SDFR0001,2012-03-12,0
US1SDFR0001,2012-03-13,0
US1SDFR0001,2012-03-14,0
US1SDFR0001,2012-03-15,0
US1SDFR0001,2012-03-16,
US1SDFR0001,2012-03-17,0
US1SDFR0001,2012-03-18,0
US1SDFR0001,2012-03-19,0
US1SDFR0001,2012-03-20,0
US1SDFR0001,2012-03-21,0
US1SDFR0001,2012-03-22,0
US1SDFR0001,2012-03-23,0
US1SDFR0001,2012-03-24,0
US1SDFR0001,2012-03-25,0
US1SDFR0001,2012-03-26,0
US1SDFR0001,2012-03-27,66
US1SDFR0001,2012-03-28,0
US1SDFR0001,2012-03-29,0
US1SDFR0001,2012-03-30,0
US1SDFR0001,2012-03-31,0
US1SDFR0001,2012-04-01,0
US1SDFR0001,2012-04-02,0
US1SDFR0001,2012-04-03,0
US1SDFR0001,2012-04-04,0
US1SDFR0001,2012-04-05,0
US1SDFR0001,2012-04-06,0
US1SDFR0001,2012-04-07,3
US1SDFR0001,2012-04-08,0
US1SDFR0001,2012-04-09,0
US1SDFR0001,2012-04-10,0
US1SDFR0001,2012-04-11,0
US1SDFR0001,2012-04-12,3
US1SDFR0001,2012-04-13,0
US1SDFR0001,2012-04-14,0
US1SDFR0001,2012-04-15,81
US1SDFR0001,2012-04-16,5
US1SDFR0001,2012-04-17,0
US1SDFR0001,2012-04-18,0
US1SDFR0001,2012-04-19,25
US1SDFR0001,2012-04-20,0
US1SDFR0001,2012-04-21,0
US1SDFR0001,2012-04-22,0
US1SDFR0001,2012-04-23,0
US1SDFR0001,2012-04-24,0
US1SDFR0001,2012-04-25,0
US1SDFR0001,2012-04-26,0
US1SDFR0001,2012-04-27,
US1SDFR0001,2012-04-28,
US1SDFR0001,2012-04-29,
US1SDFR0001,2012-04-30,
US1SDFR0001,2012-05-01,0
US1SDFR0001,2012-05-02,0
US1SDFR0001,2012-05-03,0
US1SDFR0001,2012-05-04,0
US1SDFR0001,2012-05-05,135
US1SDFR0001,2012-05-06,28
US1SDFR0001,2012-05-07,0
US1SDFR0001,2012-05-08,0
US1SDFR0001,2012-05-09,0
US1SDFR0001,2012-05-10,0
US1SDFR0001,2012-05-11,0
US1SDFR0001,2012-05-12,0
US1SDFR0001,2012-05-13,0
US1SDFR0001,2012-05-14,0
US1SDFR0001,2012-05-15,0
US1SDFR0001,2012-05-16,0
US1SDFR0001,2012-05-17,0
US1SDFR0001,2012-05-18,0
US1SDFR0001,2012-05-19,391
US1SDFR0001,2012-05-20,0
US1SDFR0001,2012-05-21,0
US1SDFR0001,2012-05-22,0
US1SDFR0001,2012-05-23,0
US1SDFR0001,2012-05-24,135
US1SDFR0001,2012-05-25,191
US1SDFR0001,2012-05-26,33
US1SDFR0001,2012-05-27,13
US1SDFR0001,2012-05-28,0
US1SDFR0001,2012-05-29,0
US1SDFR0001,2012-05-30,0
US1SDFR0001,2012-05-31,0
US1SDFR0001,2012-06-01,5
US1SDFR0001,2012-06-02,0
US1SDFR0001,2012-06-03,5
US1SDFR0001,2012-06-04,0
US1SDFR0001,2012-06-05,0
US1SDFR0001,2012-06-06,0
US1SDFR0001,2012-06-07,58
US1SDFR0001,2012-06-08,112
US1SDFR0001,2012-06-09,0
US1SDFR0001,2012-06-10,10
US1SDFR0001,2012-06-11,0
US1SDFR0001,2012-06-12,0
US1SDFR0001,2012-06-13,0
US1SDFR0001,2012-06-14,0
US1SDFR0001,2012-06-15,0
US1SDFR0001,2012-06-16,46
US1SDFR0001,2012-06-17,0
US1SDFR0001,2012-06-18,0
US1SDFR0001,2012-06-19,0
US1SDFR0001,2012-06-20,218
US1SDFR0001,2012-06-21,0
US1SDFR0001,2012-06-22,0
US1SDFR0001,2012-06-23,23
US1SDFR0001,2012-06-24,0
US1SDFR0001,2012-06-25,0
US1SDFR0001,2012-06-26,36
US1SDFR0001,2012-06-27,0
US1SDFR0001,2012-06-28,0
US1SDFR0001,2012-06-29,0
US1SDFR0001,2012-06-30,0
US1SDFR0001,2012-07-01,0
US1SDFR0001,2012-07-02,302
US1SDFR0001,2012-07-03,0
US1SDFR0001,2012-07-04,0
US1SDFR0001,2012-07-05,0
US1SDFR0001,2012-07-06,183
US1SDFR0001,2012-07-07,0
US1SDFR0001,2012-07-08,3
US1SDFR0001,2012-07-09,0
US1SDFR0001,2012-07-10,0
US1SDFR0001,2012-07-11,0
US1SDFR0001,2012-07-12,0
US1SDFR0001,2012-07-13,0
US1SDFR0001,2012-07-14,0
US1SDFR0001,2012-07-15,0
US1SDFR0001,2012-07-16,0
US1SDFR0001,2012-07-17,0
US1SDFR0001,2012-07-18,0
US1SDFR0001,2012-07-19,0
US1SDFR0001,2012-07-20,0
US1SDFR0001,2012-07-21,99
US1SDFR0001,2012-07-22,46
US1SDFR0001,2012-07-23,0
US1SDFR0001,2012-07-24,58
US1SDFR0001,2012-07-25,0
US1SDFR0001,2012-07-26,69
US1SDFR0001,2012-07-27,0
US1SDFR0001,2012-07-28,3
US1SDFR0001,2012-07-29,0
US1SDFR0001,2012-07-30,0
US1SDFR0001,2012-07-31,0
US1SDFR0001,2012-08-01,0
US1SDFR0001,2012-08-02,0
US1SDFR0001,2012-08-03,0
US1SDFR0001,2012-08-04,28
US1SDFR0001,2012-08-05,0
US1SDFR0001,2012-08-06,0
US1SDFR0001,2012-08-07,0
US1SDFR0001,2012-08-08,0
US1SDFR0001,2012-08-09,0
US1SDFR0001,2012-08-10,0
US1SDFR0001,2012-08-11,46
US1SDFR0001,2012-08-12,0
US1SDFR0001,2012-08-13,18
US1SDFR0001,2012-08-14,0
US1SDFR0001,2012-08-15,0
US1SDFR0001,2012-08-16,0
US1SDFR0001,2012-08-17,0
US1SDFR0001,2012-08-18,0
US1SDFR0001,2012-08-19,0
US1SDFR0001,2012-08-20,0
US1SDFR0001,2012-08-21,0
US1SDFR0001,2012-08-22,0
US1SDFR0001,2012-08-23,0
US1SDFR0001,2012-08-24,0
US1SDFR0001,2012-08-25,0
US1SDFR0001,2012-08-26,0
US1SDFR0001,2012-08-27,0
US1SDFR0001,2012-08-28,0
US1SDFR0001,2012-08-29,0
US1SDFR0001,2012-08-30,0
US1SDFR0001,2012-08-31,0
US1SDFR0001,2012-09-01,0
US1SDFR0001,2012-09-02,0
US1SDFR0001,2012-09-03,0
US1SDFR0001,2012-09-04,0
US1SDFR0001,2012-09-05,0
US1SDFR0001,2012-09-06,0
US1SDFR0001,2012-09-07,28
US1SDFR0001,2012-09-08,0
US1SDFR0001,2012-09-09,0
US1SDFR0001,2012-09-10,0
US1SDFR0001,2012-09-11,0
US1SDFR0001,2012-09-12,0
US1SDFR0001,2012-09-13,0
US1SDFR0001,2012-09-14,0
US1SDFR0001,2012-09-15,0
US1SDFR0001,2012-09-16,0
US1SDFR0001,2012-09-17,5
US1SDFR0001,2012-09-18,0
US1SDFR0001,2012-09-19,0
US1SDFR0001,2012-09-20,0
US1SDFR0001,2012-09-21,0
US1SDFR0001,2012-09-22,0
US1SDFR0001,2012-09-23,0
US1SDFR0001,2012-09-24,0
US1SDFR0001,2012-09-25,0
US1SDFR0001,2012-09-26,0
US1SDFR0001,2012-09-27,0
US1SDFR0001,2012-09-28,0
US1SDFR0001,2012-09-29,0
US1SDFR0001,2012-09-30,0
US1SDFR0001,2012-10-01,10
US1SDFR0001,2012-10-02,0
US1SDFR0001,2012-10-03,0
US1SDFR0001,2012-10-04,0
US1SDFR0001,2012-10-05,3
US1SDFR0001,2012-10-06,20
US1SDFR0001,2012-10-07,0
US1SDFR0001,2012-10-08,0
US1SDFR0001,2012-10-09,15
US1SDFR0001,2012-10-10,0
US1SDFR0001,2012-10-11,0
US1SDFR0001,2012-10-12,0
US1SDFR0001,2012-10-13,3
US1SDFR0001,2012-10-14,0
US1SDFR0001,2012-10-15,0
US1SDFR0001,2012-10-16,0
US1SDFR0001,2012-10-17,23
US1SDFR0001,2012-10-18,0
US1SDFR0001,2012-10-19,0
US1SDFR0001,2012-10-20,0
US1SDFR0001,2012-10-21,0
US1SDFR0001,2012-10-22,0
US1SDFR0001,2012-10-23,0
US1SDFR0001,2012-10-24,74
US1SDFR0001,2012-10-25,76
US1SDFR0001,2012-10-26,0
US1SDFR0001,2012-10-27,0
US1SDFR0001,2012-10-28,0
US1SDFR0001,2012-10-29,0
US1SDFR0001,2012-10-30,0
US1SDFR0001,2012-10-31,0
US1SDFR0001,2012-11-01,0
US1SDFR0001,2012-11-02,0
US1SDFR0001,2012-11-03,0
US1SDFR0001,2012-11-04,0
US1SDFR0001,2012-11-05,0
US1SDFR0001,2012-11-06,0
US1SDFR0001,2012-11-07,0
US1SDFR0001,2012-11-08,0
US1SDFR0001,2012-11-09,0
US1SDFR0001,2012-11-10,0
US1SDFR0001,2012-11-11,43
US1SDFR0001,2012-11-12,0
US1SDFR0001,2012-11-13,0
US1SDFR0001,2012-11-14,0
US1SDFR0001,2012-11-15,0
US1SDFR0001,2012-11-16,0
US1SDFR0001,2012-11-17,0
US1SDFR0001,2012-11-18,0
US1SDFR0001,2012-11-19,0
US1SDFR0001,2012-11-20,0
US1SDFR0001,2012-11-21,0
US1SDFR0001,2012-11-22,0
US1SDFR0001,2012-11-23,0
US1SDFR0001,2012-11-24,0
US1SDFR0001,2012-11-25,3
US1SDFR0001,2012-11-26,86
US1SDFR0001,2012-11-27,0
US1SDFR0001,2012-11-28,0
US1SDFR0001,2012-11-29,0
US1SDFR0001,2012-11-30,0
US1SDFR0001,2012-12-01,0
US1SDFR0001,2012-12-02,0
US1SDFR0001,2012-12-03,0
US1SDFR0001,2012-12-04,0
US1SDFR0001,2012-12-05,0
US1SDFR0001,2012-12-06,28
US1SDFR0001,2012-12-07,0
US1SDFR0001,2012-12-08,0
US1SDFR0001,2012-12-09,0
US1SDFR0001,2012-12-10,0
US1SDFR0001,2012-12-11,0
US1SDFR0001,2012-12-12,0
US1SDFR0001,2012-12-13,0
US1SDFR0001,2012-12-14,0
US1SDFR0001,2012-12-15,0
US1SDFR0001,2012-12-16,0
US1SDFR0001,2012-12-17,0
US1SDFR0001,2012-12-18,5
US1SDFR0001,2012-12-19,0
US1SDFR0001,2012-12-20,0
US1SDFR0001,2012-12-21,0
US1SDFR0001,2012-12-22,0
US1SDFR0001,2012-12-23,0
US1SDFR0001,2012-12-24,28
US1SDFR0001,2012-12-25,79
US1SDFR0001,2012-12-26,0
US1SDFR0001,2012-12-27,8
US1SDFR0001,2012-12-28,3
US1SDFR0001,2012-12-29,0
US1SDFR0001,2012-12-30,0
US1SDFR0001,2012-12-31,0
US1SDFR0001,2013-01-01,0
US1SDFR0001,2013-01-02,0
US1SDFR0001,2013-01-03,0
US1SDFR0001,2013-01-04,0
US1SDFR0001,2013-01-05,0
US1SDFR0001,2013-01-06,0
US1SDFR0001,2013-01-07,0
US1SDFR0001,2013-01-08,0
US1SDFR0001,2013-01-09,0
US1SDFR0001,2013-01-10,0
US1SDFR0001,2013-01-11,0
US1SDFR0001,2013-01-12,201
US1SDFR0001,2013-01-13,0
US1SDFR0001,2013-01-14,0
US1SDFR0001,2013-01-15,0
US1SDFR0001,2013-01-16,0
US1SDFR0001,2013-01-17,0
US1SDFR0001,2013-01-18,0
US1SDFR0001,2013-01-19,0
US1SDFR0001,2013-01-20,0
US1SDFR0001,2013-01-21,0
US1SDFR0001,2013-01-22,0
US1SDFR0001,2013-01-23,0
US1SDFR0001,2013-01-24,0
US1SDFR0001,2013-01-25,0
US1SDFR0001,2013-01-26,0
US1SDFR0001,2013-01-27,0
US1SDFR0001,2013-01-28,0
US1SDFR0001,2013-01-29,8
US1SDFR0001,2013-01-30,0
US1SDFR0001,2013-01-31,0
US1SDFR0001,2013-02-01,0
US1SDFR0001,2013-02-02,0
US1SDFR0001,2013-02-03,0
US1SDFR0001,2013-02-04,0
US1SDFR0001,2013-02-05,0
US1SDFR0001,2013-02-06,0
US1SDFR0001,2013-02-07,0
US1SDFR0001,2013-02-08,0
US1SDFR0001,2013-02-09,0
US1SDFR0001,2013-02-10,0
US1SDFR0001,2013-02-11,0
US1SDFR0001,2013-02-12,0
US1SDFR0001,2013-02-13,0
US1SDFR0001,2013-02-14,0
US1SDFR0001,2013-02-15,0
US1SDFR0001,2013-02-16,0
US1SDFR0001,2013-02-17,0
US1SDFR0001,2013-02-18,0
US1SDFR0001,2013-02-19,0
US1SDFR0001,2013-02-20,0
US1SDFR0001,2013-02-21,0
US1SDFR0001,2013-02-22,20
US1SDFR0001,2013-02-23,0
US1SDFR0001,2013-02-24,10
US1SDFR0001,2013-02-25,15
US1SDFR0001,2013-02-26,0
US1SDFR0001,2013-02-27,0
US1SDFR0001,2013-02-28,0
US1SDFR0001,2013-03-01,0
US1SDFR0001,2013-03-02,0
US1SDFR0001,2013-03-03,0
US1SDFR0001,2013-03-04,0
US1SDFR0001,2013-03-05,0
US1SDFR0001,2013-03-06,0
US1SDFR0001,2013-03-07,0
US1SDFR0001,2013-03-08,0
US1SDFR0001,2013-03-09,0
US1SDFR0001,2013-03-10,0
US1SDFR0001,2013-03-11,0
US1SDFR0001,2013-03-12,0
US1SDFR0001,2013-03-13,0
US1SDFR0001,2013-03-14,0
US1SDFR0001,2013-03-15,0
US1SDFR0001,2013-03-16,0
US1SDFR0001,2013-03-17,46
US1SDFR0001,2013-03-18,8
US1SDFR0001,2013-03-19,0
US1SDFR0001,2013-03-20,0
US1SDFR0001,2013-03-21,0
US1SDFR0001,2013-03-22,3
US1SDFR0001,2013-03-23,36
US1SDFR0001,2013-03-24,0
US1SDFR0001,2013-03-25,36
US1SDFR0001,2013-03-26,0
US1SDFR0001,2013-03-27,0
US1SDFR0001,2013-03-28,0
US1SDFR0001,2013-03-29,0
US1SDFR0001,2013-03-30,3
US1SDFR0001,2013-03-31,0
US1SDFR0001,2013-04-01,0
US1SDFR0001,2013-04-02,0
US1SDFR0001,2013-04-03,0
US1SDFR0001,2013-04-04,0
US1SDFR0001,2013-04-05,0
US1SDFR0001,2013-04-06,0
US1SDFR0001,2013-04-07,0
US1SDFR0001,2013-04-08,8
US1SDFR0001,2013-04-09,196
US1SDFR0001,2013-04-10,183
US1SDFR0001,2013-04-11,0
US1SDFR0001,2013-04-12,0
US1SDFR0001,2013-04-13,0
US1SDFR0001,2013-04-14,0
US1SDFR0001,2013-04-15,0
US1SDFR0001,2013-04-16,0
US1SDFR0001,2013-04-17,152
US1SDFR0001,2013-04-18,10
US1SDFR0001,2013-04-19,0
US1SDFR0001,2013-04-20,0
US1SDFR0001,2013-04-21,43
US1SDFR0001,2013-04-22,373
US1SDFR0001,2013-04-23,0
US1SDFR0001,2013-04-24,0
US1SDFR0001,2013-04-25,0
US1SDFR0001,2013-04-26,0
US1SDFR0001,2013-04-27,0
US1SDFR0001,2013-04-28,0
US1SDFR0001,2013-04-29,0
US1SDFR0001,2013-04-30,0
US1SDFR0001,2013-05-01,61
US1SDFR0001,2013-05-02,0
US1SDFR0001,2013-05-03,0
US1SDFR0001,2013-05-04,0
US1SDFR0001,2013-05-05,0
US1SDFR0001,2013-05-06,0
US1SDFR0001,2013-05-07,0
US1SDFR0001,2013-05-08,0
US1SDFR0001,2013-05-09,0
US1SDFR0001,2013-05-10,15
US1SDFR0001,2013-05-11,3
US1SDFR0001,2013-05-12,0
US1SDFR0001,2013-05-13,0
US1SDFR0001,2013-05-14,0
US1SDFR0001,2013-05-15,0
US1SDFR0001,2013-05-16,5
US1SDFR0001,2013-05-17,119
US1SDFR0001,2013-05-18,0
US1SDFR0001,2013-05-19,66
US1SDFR0001,2013-05-20,290
US1SDFR0001,2013-05-21,23
US1SDFR0001,2013-05-22,13
US1SDFR0001,2013-05-23,0
US1SDFR0001,2013-05-24,0
US1SDFR0001,2013-05-25,0
US1SDFR0001,2013-05-26,
US1SDFR0001,2013-05-27,
US1SDFR0001,2013-05-28,124
US1SDFR0001,2013-05-29,0
US1SDFR0001,2013-05-30,0
US1SDFR0001,2013-05-31,36
US1SDFR0001,2013-06-01,20
US1SDFR0001,2013-06-02,0
US1SDFR0001,2013-06-03,0
US1SDFR0001,2013-06-04,
US1SDFR0001,2013-06-05,0
US1SDFR0001,2013-06-06,0
US1SDFR0001,2013-06-07,0
US1SDFR0001,2013-06-08,48
US1SDFR0001,2013-06-09,0
US1SDFR0001,2013-06-10,0
US1SDFR0001,2013-06-11,0
US1SDFR0001,2013-06-12,168
US1SDFR0001,2013-06-13,0
US1SDFR0001,2013-06-14,3
US1SDFR0001,2013-06-15,0
US1SDFR0001,2013-06-16,0
US1SDFR0001,2013-06-17,10
US1SDFR0001,2013-06-18,53
US1SDFR0001,2013-06-19,0
US1SDFR0001,2013-06-20,0
US1SDFR0001,2013-06-21,0
US1SDFR0001,2013-06-22,5
US1SDFR0001,2013-06-23,180
US1SDFR0001,2013-06-24,0
US1SDFR0001,2013-06-25,3
US1SDFR0001,2013-06-26,0
US1SDFR0001,2013-06-27,0
US1SDFR0001,2013-06-28,0
US1SDFR0001,2013-06-29,0
US1SDFR0001,2013-06-30,0
US1SDFR0001,2013-07-01,0
US1SDFR0001,2013-07-02,13
US1SDFR0001,2013-07-03,0
US1SDFR0001,2013-07-04,0
US1SDFR0001,2013-07-05,53
US1SDFR0001,2013-07-06,0
US1SDFR0001,2013-07-07,
US1SDFR0001,2013-07-08,503
US1SDFR0001,2013-07-09,18
US1SDFR0001,2013-07-10,0
US1SDFR0001,2013-07-11,0
US1SDFR0001,2013-07-12,0
US1SDFR0001,2013-07-13,0
US1SDFR0001,2013-07-14,0
US1SDFR0001,2013-07-15,0
US1SDFR0001,2013-07-16,0
US1SDFR0001,2013-07-17,0
US1SDFR0001,2013-07-18,0
US1SDFR0001,2013-07-19,5
US1SDFR0001,2013-07-20,69
US1SDFR0001,2013-07-21,10
US1SDFR0001,2013-07-22,0
US1SDFR0001,2013-07-23,155
US1SDFR0001,2013-07-24,0
US1SDFR0001,2013-07-25,0
US1SDFR0001,2013-07-26,15
US1SDFR0001,2013-07-27,76
US1SDFR0001,2013-07-28,0
US1SDFR0001,2013-07-29,5
US1SDFR0001,2013-07-30,3
US1SDFR0001,2013-07-31,5
US1SDFR0001,2013-08-01,0
US1SDFR0001,2013-08-02,23
US1SDFR0001,2013-08-03,76
US1SDFR0001,2013-08-04,0
US1SDFR0001,2013-08-05,48
US1SDFR0001,2013-08-06,0
US1SDFR0001,2013-08-07,0
US1SDFR0001,2013-08-08,803
US1SDFR0001,2013-08-09,0
US1SDFR0001,2013-08-10,8
US1SDFR0001,2013-08-11,0
US1SDFR0001,2013-08-12,53
US1SDFR0001,2013-08-13,0
US1SDFR0001,2013-08-14,117
US1SDFR0001,2013-08-15,64
US1SDFR0001,2013-08-16,0
US1SDFR0001,2013-08-17,0
US1SDFR0001,2013-08-18,0
US1SDFR0001,2013-08-19,0
US1SDFR0001,2013-08-20,0
US1SDFR0001,2013-08-21,0
US1SDFR0001,2013-08-22,5
US1SDFR0001,2013-08-23,0
US1SDFR0001,2013-08-24,0
US1SDFR0001,2013-08-25,0
US1SDFR0001,2013-08-26,0
US1SDFR0001,2013-08-27,0
US1SDFR0001,2013-08-28,0
US1SDFR0001,2013-08-29,137
US1SDFR0001,2013-08-30,0
US1SDFR0001,2013-08-31,0
US1SDFR0001,2013-09-01,0
US1SDFR0001,2013-09-02,0
US1SDFR0001,2013-09-03,0
US1SDFR0001,2013-09-04,0
US1SDFR0001,2013-09-05,102
US1SDFR0001,2013-09-06,0
US1SDFR0001,2013-09-07,0
US1SDFR0001,2013-09-08,0
US1SDFR0001,2013-09-09,28
US1SDFR0001,2013-09-10,0
US1SDFR0001,2013-09-11,0
US1SDFR0001,2013-09-12,0
US1SDFR0001,2013-09-13,0
US1SDFR0001,2013-09-14,25
US1SDFR0001,2013-09-15,76
US1SDFR0001,2013-09-16,0
US1SDFR0001,2013-09-17,0
US1SDFR0001,2013-09-18,3
US1SDFR0001,2013-09-19,0
US1SDFR0001,2013-09-20,0
US1SDFR0001,2013-09-21,0
US1SDFR0001,2013-09-22,0
US1SDFR0001,2013-09-23,23
US1SDFR0001,2013-09-24,122
US1SDFR0001,2013-09-25,0
US1SDFR0001,2013-09-26,0
US1SDFR0001,2013-09-27,0
US1SDFR0001,2013-09-28,41
US1SDFR0001,2013-09-29,0
US1SDFR0001,2013-09-30,0
US1SDFR0001,2013-10-01,0
US1SDFR0001,2013-10-02,0
US1SDFR0001,2013-10-03,0
US1SDFR0001,2013-10-04,206
US1SDFR0001,2013-10-05,239
US1SDFR0001,2013-10-06,0
US1SDFR0001,2013-10-07,0
US1SDFR0001,2013-10-08,0
US1SDFR0001,2013-10-09,0
US1SDFR0001,2013-10-10,0
US1SDFR0001,2013-10-11,259
US1SDFR0001,2013-10-12,150
US1SDFR0001,2013-10-13,28
US1SDFR0001,2013-10-14,107
US1SDFR0001,2013-10-15,203
US1SDFR0001,2013-10-16,0
US1SDFR0001,2013-10-17,0
US1SDFR0001,2013-10-18,0
US1SDFR0001,2013-10-19,0
US1SDFR0001,2013-10-20,0
US1SDFR0001,2013-10-21,0
US1SDFR0001,2013-10-22,0
US1SDFR0001,2013-10-23,0
US1SDFR0001,2013-10-24,0
US1SDFR0001,2013-10-25,0
US1SDFR0001,2013-10-26,0
US1SDFR0001,2013-10-27,0
US1SDFR0001,2013-10-28,0
US1SDFR0001,2013-10-29,0
US1SDFR0001,2013-10-30,0
US1SDFR0001,2013-10-31,30
US1SDFR0001,2013-11-01,
US1SDFR0001,2013-11-02,
US1SDFR0001,2013-11-03,
US1SDFR0001,2013-11-04,
US1SDFR0001,2013-11-05,66
US1SDFR0001,2013-11-06,10
US1SDFR0001,2013-11-07,0
US1SDFR0001,2013-11-08,0
US1SDFR0001,2013-11-09,0
US1SDFR0001,2013-11-10,0
US1SDFR0001,2013-11-11,0
US1SDFR0001,2013-11-12,0
US1SDFR0001,2013-11-13,0
US1SDFR0001,2013-11-14,0
US1SDFR0001,2013-11-15,0
US1SDFR0001,2013-11-16,0
US1SDFR0001,2013-11-17,0
US1SDFR0001,2013-11-18,0
US1SDFR0001,2013-11-19,0
US1SDFR0001,2013-11-20,0
US1SDFR0001,2013-11-21,23
US1SDFR0001,2013-11-22,53
US1SDFR0001,2013-11-23,0
US1SDFR0001,2013-11-24,0
US1SDFR0001,2013-11-25,0
US1SDFR0001,2013-11-26,0
US1SDFR0001,2013-11-27,0
US1SDFR0001,2013-11-28,0
US1SDFR0001,2013-11-29,0
US1SDFR0001,2013-11-30,0
US1SDFR0001,2013-12-01,0
US1SDFR0001,2013-12-02,0
US1SDFR0001,2013-12-03,0
US1SDFR0001,2013-12-04,84
US1SDFR0001,2013-12-05,10
US1SDFR0001,2013-12-06,0
US1SDFR0001,2013-12-07,10
US1SDFR0001,2013-12-08,0
US1SDFR0001,2013-12-09,0
US1SDFR0001,2013-12-10,0
US1SDFR0001,2013-12-11,0
US1SDFR0001,2013-12-12,0
US1SDFR0001,2013-12-13,0
US1SDFR0001,2013-12-14,0
US1SDFR0001,2013-12-15,0
US1SDFR0001,2013-12-16,0
US1SDFR0001,2013-12-17,0
US1SDFR0001,2013-12-18,0
US1SDFR0001,2013-12-19,0
US1SDFR0001,2013-12-20,102
US1SDFR0001,2013-12-21,0
US1SDFR0001,2013-12-22,0
US1SDFR0001,2013-12-23,5
US1SDFR0001,2013-12-24,0
US1SDFR0001,2013-12-25,0
US1SDFR0001,2013-12-26,
US1SDFR0001,2013-12-27,
US1SDFR0001,2013-12-28,
US1SDFR0001,2013-12-29,
US1SDFR0001,2013-12-30,0
US1SDFR0001,2013-12-31,0
US1SDFR0001,2014-01-01,5
US1SDFR0001,2014-01-02,0
US1SDFR0001,2014-01-03,0
US1SDFR0001,2014-01-04,0
US1SDFR0001,2014-01-05,15
US1SDFR0001,2014-01-06,0
US1SDFR0001,2014-01-07,0
US1SDFR0001,2014-01-08,0
US1SDFR0001,2014-01-09,0
US1SDFR0001,2014-01-10,0
US1SDFR0001,2014-01-11,0
US1SDFR0001,2014-01-12,0
US1SDFR0001,2014-01-13,0
US1SDFR0001,2014-01-14,0
US1SDFR0001,2014-01-15,0
US1SDFR0001,2014-01-16,0
US1SDFR0001,2014-01-17,0
US1SDFR0001,2014-01-18,0
US1SDFR0001,2014-01-19,0
US1SDFR0001,2014-01-20,0
US1SDFR0001,2014-01-21,0
US1SDFR0001,2014-01-22,0
US1SDFR0001,2014-01-23,0
US1SDFR0001,2014-01-24,0
US1SDFR0001,2014-01-25,0
US1SDFR0001,2014-01-26,0
US1SDFR0001,2014-01-27,0
US1SDFR0001,2014-01-28,0
US1SDFR0001,2014-01-29,0
US1SDFR0001,2014-01-30,0
US1SDFR0001,2014-01-31,10
US1SDFR0001,2014-02-01,0
US1SDFR0001,2014-02-02,8
US1SDFR0001,2014-02-03,0
US1SDFR0001,2014-02-04,0
US1SDFR0001,2014-02-05,18
US1SDFR0001,2014-02-06,0
US1SDFR0001,2014-02-07,0
US1SDFR0001,2014-02-08,0
US1SDFR0001,2014-02-09,81
US1SDFR0001,2014-02-10,30
US1SDFR0001,2014-02-11,0
US1SDFR0001,2014-02-12,0
US1SDFR0001,2014-02-13,0
US1SDFR0001,2014-02-14,0
US1SDFR0001,2014-02-15,0
US1SDFR0001,2014-02-16,0
US1SDFR0001,2014-02-17,0
US1SDFR0001,2014-02-18,0
US1SDFR0001,2014-02-19,0
US1SDFR0001,2014-02-20,0
US1SDFR0001,2014-02-21,0
US1SDFR0001,2014-02-22,0
US1SDFR0001,2014-02-23,20
US1SDFR0001,2014-02-24,58
US1SDFR0001,2014-02-25,8
US1SDFR0001,2014-02-26,
US1SDFR0001,2014-02-27,0
US1SDFR0001,2014-02-28,0
US1SDFR0001,2014-03-01,53
US1SDFR0001,2014-03-02,33
US1SDFR0001,2014-03-03,0
US1SDFR0001,2014-03-04,0
US1SDFR0001,2014-03-05,0
US1SDFR0001,2014-03-06,0
US1SDFR0001,2014-03-07,0
US1SDFR0001,2014-03-08,0
US1SDFR0001,2014-03-09,0
US1SDFR0001,2014-03-10,0
US1SDFR0001,2014-03-11,0
US1SDFR0001,2014-03-12,5
US1SDFR0001,2014-03-13,0
US1SDFR0001,2014-03-14,0
US1SDFR0001,2014-03-15,0
US1SDFR0001,2014-03-16,10
US1SDFR0001,2014-03-17,0
US1SDFR0001,2014-03-18,3
US1SDFR0001,2014-03-19,0
US1SDFR0001,2014-03-20,0
US1SDFR0001,2014-03-21,0
US1SDFR0001,2014-03-22,51
US1SDFR0001,2014-03-23,0
US1SDFR0001,2014-03-24,0
US1SDFR0001,2014-03-25,0
US1SDFR0001,2014-03-26,0
US1SDFR0001,2014-03-27,0
US1SDFR0001,2014-03-28,10
US1SDFR0001,2014-03-29,0
US1SDFR0001,2014-03-30,0
US1SDFR0001,2014-03-31,76
US1SDFR0001,2014-04-01,23
US1SDFR0001,2014-04-02,15
US1SDFR0001,2014-04-03,97
US1SDFR0001,2014-04-04,0
US1SDFR0001,2014-04-05,0
US1SDFR0001,2014-04-06,13
US1SDFR0001,2014-04-07,0
US1SDFR0001,2014-04-08,0
US1SDFR0001,2014-04-09,0
US1SDFR0001,2014-04-10,46
US1SDFR0001,2014-04-11,0
US1SDFR0001,2014-04-12,0
US1SDFR0001,2014-04-13,43
US1SDFR0001,2014-04-14,0
US1SDFR0001,2014-04-15,0
US1SDFR0001,2014-04-16,25
US1SDFR0001,2014-04-17,23
US1SDFR0001,2014-04-18,0
US1SDFR0001,2014-04-19,0
US1SDFR0001,2014-04-20,0
US1SDFR0001,2014-04-21,0
US1SDFR0001,2014-04-22,0
US1SDFR0001,2014-04-23,0
US1SDFR0001,2014-04-24,0
US1SDFR0001,2014-04-25,0
US1SDFR0001,2014-04-26,0
US1SDFR0001,2014-04-27,163
US1SDFR0001,2014-04-28,236
US1SDFR0001,2014-04-29,0
US1SDFR0001,2014-04-30,0
US1SDFR0001,2014-05-01,0
US1SDFR0001,2014-05-02,0
US1SDFR0001,2014-05-03,0
US1SDFR0001,2014-05-04,0
US1SDFR0001,2014-05-05,0
US1SDFR0001,2014-05-06,0
US1SDFR0001,2014-05-07,43
US1SDFR0001,2014-05-08,196
US1SDFR0001,2014-05-09,89
US1SDFR0001,2014-05-10,0
US1SDFR0001,2014-05-11,33
US1SDFR0001,2014-05-12,48
US1SDFR0001,2014-05-13,0
US1SDFR0001,2014-05-14,3
US1SDFR0001,2014-05-15,30
US1SDFR0001,2014-05-16,0
US1SDFR0001,2014-05-17,33
US1SDFR0001,2014-05-18,0
US1SDFR0001,2014-05-19,0
US1SDFR0001,2014-05-20,0
US1SDFR0001,2014-05-21,157
US1SDFR0001,2014-05-22,0
US1SDFR0001,2014-05-23,0
US1SDFR0001,2014-05-24,8
US1SDFR0001,2014-05-25,0
US1SDFR0001,2014-05-26,3
US1SDFR0001,2014-05-27,0
US1SDFR0001,2014-05-28,28
US1SDFR0001,2014-05-29,0
US1SDFR0001,2014-05-30,18
US1SDFR0001,2014-05-31,41
US1SDFR0001,2014-06-01,74
US1SDFR0001,2014-06-02,71
US1SDFR0001,2014-06-03,0
US1SDFR0001,2014-06-04,0
US1SDFR0001,2014-06-05,58
US1SDFR0001,2014-06-06,0
US1SDFR0001,2014-06-07,0
US1SDFR0001,2014-06-08,74
US1SDFR0001,2014-06-09,130
US1SDFR0001,2014-06-10,0
US1SDFR0001,2014-06-11,5
US1SDFR0001,2014-06-12,25
US1SDFR0001,2014-06-13,0
US1SDFR0001,2014-06-14,15
US1SDFR0001,2014-06-15,295
US1SDFR0001,2014-06-16,0
US1SDFR0001,2014-06-17,0
US1SDFR0001,2014-06-18,384
US1SDFR0001,2014-06-19,0
US1SDFR0001,2014-06-20,0
US1SDFR0001,2014-06-21,0
US1SDFR0001,2014-06-22,28
US1SDFR0001,2014-06-23,58
US1SDFR0001,2014-06-24,5
US1SDFR0001,2014-06-25,0
US1SDFR0001,2014-06-26,66
US1SDFR0001,2014-06-27,30
US1SDFR0001,2014-06-28,36
US1SDFR0001,2014-06-29,0
US1SDFR0001,2014-06-30,0
US1SDFR0001,2014-07-01,0
US1SDFR0001,2014-07-02,0
US1SDFR0001,2014-07-03,0
US1SDFR0001,2014-07-04,0
US1SDFR0001,2014-07-05,0
US1SDFR0001,2014-07-06,0
US1SDFR0001,2014-07-07,0
US1SDFR0001,2014-07-08,0
US1SDFR0001,2014-07-09,0
US1SDFR0001,2014-07-10,0
US1SDFR0001,2014-07-11,66
US1SDFR0001,2014-07-12,140
US1SDFR0001,2014-07-13,33
US1SDFR0001,2014-07-14,0
US1SDFR0001,2014-07-15,0
US1SDFR0001,2014-07-16,0
US1SDFR0001,2014-07-17,0
US1SDFR0001,2014-07-18,
US1SDFR0001,2014-07-19,257
US1SDFR0001,2014-07-20,0
US1SDFR0001,2014-07-21,0
US1SDFR0001,2014-07-22,0
US1SDFR0001,2014-07-23,213
US1SDFR0001,2014-07-24,0
US1SDFR0001,2014-07-25,0
US1SDFR0001,2014-07-26,
US1SDFR0001,2014-07-27,0
US1SDFR0001,2014-07-28,0
US1SDFR0001,2014-07-29,33
US1SDFR0001,2014-07-30,10
US1SDFR0001,2014-07-31,0
US1SDFR0001,2014-08-01,30
US1SDFR0001,2014-08-02,0
US1SDFR0001,2014-08-03,0
US1SDFR0001,2014-08-04,0
US1SDFR0001,2014-08-05,66
US1SDFR0001,2014-08-06,3
US1SDFR0001,2014-08-07,20
US1SDFR0001,2014-08-08,66
US1SDFR0001,2014-08-09,0
US1SDFR0001,2014-08-10,231
US1SDFR0001,2014-08-11,0
US1SDFR0001,2014-08-12,0
US1SDFR0001,2014-08-13,0
US1SDFR0001,2014-08-14,5
US1SDFR0001,2014-08-15,41
US1SDFR0001,2014-08-16,3
US1SDFR0001,2014-08-17,0
US1SDFR0001,2014-08-18,0
US1SDFR0001,2014-08-19,0
US1SDFR0001,2014-08-20,
US1SDFR0001,2014-08-21,
US1SDFR0001,2014-08-22,3
US1SDFR0001,2014-08-23,91
US1SDFR0001,2014-08-24,36
US1SDFR0001,2014-08-25,0
US1SDFR0001,2014-08-26,46
US1SDFR0001,2014-08-27,10
US1SDFR0001,2014-08-28,147
US1SDFR0001,2014-08-29,0
US1SDFR0001,2014-08-30,119
US1SDFR0001,2014-08-31,0
US1SDFR0001,2014-09-01,48
US1SDFR0001,2014-09-02,
US1SDFR0001,2014-09-03,0
US1SDFR0001,2014-09-04,0
US1SDFR0001,2014-09-05,0
US1SDFR0001,2014-09-06,0
US1SDFR0001,2014-09-07,0
US1SDFR0001,2014-09-08,0
US1SDFR0001,2014-09-09,0
US1SDFR0001,2014-09-10,3
US1SDFR0001,2014-09-11,53
US1SDFR0001,2014-09-12,41
US1SDFR0001,2014-09-13,0
US1SDFR0001,2014-09-14,0
US1SDFR0001,2014-09-15,
US1SDFR0001,2014-09-16,0
US1SDFR0001,2014-09-17,0
US1SDFR0001,2014-09-18,0
US1SDFR0001,2014-09-19,0
US1SDFR0001,2014-09-20,0
US1SDFR0001,2014-09-21,0
US1SDFR0001,2014-09-22,0
US1SDFR0001,2014-09-23,3
US1SDFR0001,2014-09-24,0
US1SDFR0001,2014-09-25,0
US1SDFR0001,2014-09-26,0
US1SDFR0001,2014-09-27,0
US1SDFR0001,2014-09-28,0
US1SDFR0001,2014-09-29,130
US1SDFR0001,2014-09-30,683
US1SDFR0001,2014-10-01,107
US1SDFR0001,2014-10-02,41
US1SDFR0001,2014-10-03,0
US1SDFR0001,2014-10-04,0
US1SDFR0001,2014-10-05,0
US1SDFR0001,2014-10-06,3
US1SDFR0001,2014-10-07,0
US1SDFR0001,2014-10-08,0
US1SDFR0001,2014-10-09,0
US1SDFR0001,2014-10-10,0
US1SDFR0001,2014-10-11,
US1SDFR0001,2014-10-12,
US1SDFR0001,2014-10-13,
US1SDFR0001,2014-10-14,
US1SDFR0001,2014-10-15,0
US1SDFR0001,2014-10-16,0
US1SDFR0001,2014-10-17,0
US1SDFR0001,2014-10-18,0
US1SDFR0001,2014-10-19,0
US1SDFR0001,2014-10-20,0
US1SDFR0001,2014-10-21,0
US1SDFR0001,2014-10-22,0
US1SDFR0001,2014-10-23,0
US1SDFR0001,2014-10-24,0
US1SDFR0001,2014-10-25,0
US1SDFR0001,2014-10-26,0
US1SDFR0001,2014-10-27,0
US1SDFR0001,2014-10-28,0
US1SDFR0001,2014-10-29,0
US1SDFR0001,2014-10-30,0
US1SDFR0001,2014-10-31,0
US1SDFR0001,2014-11-01,0
US1SDFR0001,2014-11-02,0
US1SDFR0001,2014-11-03,0
US1SDFR0001,2014-11-04,18
US1SDFR0001,2014-11-05,0
US1SDFR0001,2014-11-06,0
US1SDFR0001,2014-11-07,0
US1SDFR0001,2014-11-08,0
US1SDFR0001,2014-11-09,0
US1SDFR0001,2014-11-10,28
US1SDFR0001,2014-11-11,89
US1SDFR0001,2014-11-12,18
US1SDFR0001,2014-11-13,0
US1SDFR0001,2014-11-14,0
US1SDFR0001,2014-11-15,84
US1SDFR0001,2014-11-16,0
US1SDFR0001,2014-11-17,0
US1SDFR0001,2014-11-18,0
US1SDFR0001,2014-11-19,0
US1SDFR0001,2014-11-20,0
US1SDFR0001,2014-11-21,0
US1SDFR0001,2014-11-22,0
US1SDFR0001,2014-11-23,0
US1SDFR0001,2014-11-24,0
US1SDFR0001,2014-11-25,3
US1SDFR0001,2014-11-26,0
US1SDFR0001,2014-11-27,0
US1SDFR0001,2014-11-28,0
US1SDFR0001,2014-11-29,0
US1SDFR0001,2014-11-30,8
US1SDFR0001,2014-12-01,0
US1SDFR0001,2014-12-02,0
US1SDFR0001,2014-12-03,0
US1SDFR0001,2014-12-04,0
US1SDFR0001,2014-12-05,0
US1SDFR0001,2014-12-06,0
US1SDFR0001,2014-12-07,0
US1SDFR0001,2014-12-08,0
US1SDFR0001,2014-12-09,0
US1SDFR0001,2014-12-10,0
US1SDFR0001,2014-12-11,0
US1SDFR0001,2014-12-12,0
US1SDFR0001,2014-12-13,0
US1SDFR0001,2014-12-14,0
US1SDFR0001,2014-12-15,0
US1SDFR0001,2014-12-16,30
US1SDFR0001,2014-12-17,0
US1SDFR0001,2014-12-18,0
US1SDFR0001,2014-12-19,0
US1SDFR0001,2014-12-20,0
US1SDFR0001,2014-12-21,0
US1SDFR0001,2014-12-22,0
US1SDFR0001,2014-12-23,0
US1SDFR0001,2014-12-24,0
US1SDFR0001,2014-12-25,0
US1SDFR0001,2014-12-26,43
US1SDFR0001,2014-12-27,0
US1SDFR0001,2014-12-28,0
US1SDFR0001,2014-12-29,3
US1SDFR0001,2014-12-30,5
US1SDFR0001,2014-12-31,0
US1SDFR0001,2015-01-01,0
US1SDFR0001,2015-01-02,0
US1SDFR0001,2015-01-03,0
US1SDFR0001,2015-01-04,79
US1SDFR0001,2015-01-05,0
US1SDFR0001,2015-01-06,0
US1SDFR0001,2015-01-07,8
US1SDFR0001,2015-01-08,0
US1SDFR0001,2015-01-09,0
US1SDFR0001,2015-01-10,0
US1SDFR0001,2015-01-11,0
US1SDFR0001,2015-01-12,0
US1SDFR0001,2015-01-13,0
US1SDFR0001,2015-01-14,0
US1SDFR0001,2015-01-15,0
US1SDFR0001,2015-01-16,0
US1SDFR0001,2015-01-17,0
US1SDFR0001,2015-01-18,0
US1SDFR0001,2015-01-19,0
US1SDFR0001,2015-01-20,0
US1SDFR0001,2015-01-21,0
US1SDFR0001,2015-01-22,0
US1SDFR0001,2015-01-23,0
US1SDFR0001,2015-01-24,0
US1SDFR0001,2015-01-25,0
US1SDFR0001,2015-01-26,0
US1SDFR0001,2015-01-27,0
US1SDFR0001,2015-01-28,0
US1SDFR0001,2015-01-29,0
US1SDFR0001,2015-01-30,0
US1SDFR0001,2015-01-31,0
US1SDFR0001,2015-02-01,23
US1SDFR0001,2015-02-02,0
US1SDFR0001,2015-02-03,0
US1SDFR0001,2015-02-04,18
US1SDFR0001,2015-02-05,0
US1SDFR0001,2015-02-06,0
US1SDFR0001,2015-02-07,0
US1SDFR0001,2015-02-08,0
US1SDFR0001,2015-02-09,0
US1SDFR0001,2015-02-10,0
US1SDFR0001,2015-02-11,0
US1SDFR0001,2015-02-12,0
US1SDFR0001,2015-02-13,0
US1SDFR0001,2015-02-14,0
US1SDFR0001,2015-02-15,18
US1SDFR0001,2015-02-16,20
US1SDFR0001,2015-02-17,0
US1SDFR0001,2015-02-18,0
US1SDFR0001,2015-02-19,0
US1SDFR0001,2015-02-20,0
US1SDFR0001,2015-02-21,15
US1SDFR0001,2015-02-22,66
US1SDFR0001,2015-02-23,0
US1SDFR0001,2015-02-24,0
US1SDFR0001,2015-02-25,0
US1SDFR0001,2015-02-26,33
US1SDFR0001,2015-02-27,0
US1SDFR0001,2015-02-28,0
US1SDFR0001,2015-03-01,0
US1SDFR0001,2015-03-02,0
US1SDFR0001,2015-03-03,61
US1SDFR0001,2015-03-04,28
US1SDFR0001,2015-03-05,0
US1SDFR0001,2015-03-06,0
US1SDFR0001,2015-03-07,0
US1SDFR0001,2015-03-08,0
US1SDFR0001,2015-03-09,0
US1SDFR0001,2015-03-10,0
US1SDFR0001,2015-03-11,0
US1SDFR0001,2015-03-12,0
US1SDFR0001,2015-03-13,0
US1SDFR0001,2015-03-14,0
US1SDFR0001,2015-03-15,0
US1SDFR0001,2015-03-16,0
US1SDFR0001,2015-03-17,0
US1SDFR0001,2015-03-18,0
US1SDFR0001,2015-03-19,0
US1SDFR0001,2015-03-20,0
US1SDFR0001,2015-03-21,0
US1SDFR0001,2015-03-22,0
US1SDFR0001,2015-03-23,0
US1SDFR0001,2015-03-24,0
US1SDFR0001,2015-03-25,0
US1SDFR0001,2015-03-26,0
US1SDFR0001,2015-03-27,0
US1SDFR0001,2015-03-28,0
US1SDFR0001,2015-03-29,0
US1SDFR0001,2015-03-30,0
US1SDFR0001,2015-03-31,0
US1SDFR0001,2015-04-01,0
US1SDFR0001,2015-04-02,0
US1SDFR0001,2015-04-03,0
US1SDFR0001,2015-04-04,0
US1SDFR0001,2015-04-05,0
US1SDFR0001,2015-04-06,0
US1SDFR0001,2015-04-07,0
US1SDFR0001,2015-04-08,0
US1SDFR0001,2015-04-09,74
US1SDFR0001,2015-04-10,0
US1SDFR0001,2015-04-11,0
US1SDFR0001,2015-04-12,0
US1SDFR0001,2015-04-13,0
US1SDFR0001,2015-04-14,0
US1SDFR0001,2015-04-15,0
US1SDFR0001,2015-04-16,20
US1SDFR0001,2015-04-17,0
US1SDFR0001,2015-04-18,130
US1SDFR0001,2015-04-19,104
US1SDFR0001,2015-04-20,0
US1SDFR0001,2015-04-21,0
US1SDFR0001,2015-04-22,0
US1SDFR0001,2015-04-23,0
US1SDFR0001,2015-04-24,0
US1SDFR0001,2015-04-25,117
US1SDFR0001,2015-04-26,0
US1SDFR0001,2015-04-27,61
US1SDFR0001,2015-04-28,5
US1SDFR0001,2015-04-29,0
US1SDFR0001,2015-04-30,0
US1SDFR0001,2015-05-01,0
US1SDFR0001,2015-05-02,0
US1SDFR0001,2015-05-03,0
US1SDFR0001,2015-05-04,20
US1SDFR0001,2015-05-05,0
US1SDFR0001,2015-05-06,28
US1SDFR0001,2015-05-07,61
US1SDFR0001,2015-05-08,25
US1SDFR0001,2015-05-09,30
US1SDFR0001,2015-05-10,422
US1SDFR0001,2015-05-11,0
US1SDFR0001,2015-05-12,0
US1SDFR0001,2015-05-13,0
US1SDFR0001,2015-05-14,0
US1SDFR0001,2015-05-15,20
US1SDFR0001,2015-05-16,264
US1SDFR0001,2015-05-17,3
US1SDFR0001,2015-05-18,0
US1SDFR0001,2015-05-19,0
US1SDFR0001,2015-05-20,91
US1SDFR0001,2015-05-21,0
US1SDFR0001,2015-05-22,0
US1SDFR0001,2015-05-23,15
US1SDFR0001,2015-05-24,284
US1SDFR0001,2015-05-25,137
US1SDFR0001,2015-05-26,53
US1SDFR0001,2015-05-27,5
US1SDFR0001,2015-05-28,41
US1SDFR0001,2015-05-29,46
US1SDFR0001,2015-05-30,
US1SDFR0001,2015-05-31,
US1SDFR0001,2015-06-01,
US1SDFR0001,2015-06-02,
US1SDFR0001,2015-06-03,53
US1SDFR0001,2015-06-04,282
US1SDFR0001,2015-06-05,3
US1SDFR0001,2015-06-06,86
US1SDFR0001,2015-06-07,15
US1SDFR0001,2015-06-08,0
US1SDFR0001,2015-06-09,0
US1SDFR0001,2015-06-10,0
US1SDFR0001,2015-06-11,211
US1SDFR0001,2015-06-12,38
US1SDFR0001,2015-06-13,0
US1SDFR0001,2015-06-14,0
US1SDFR0001,2015-06-15,66
US1SDFR0001,2015-06-16,358
US1SDFR0001,2015-06-17,36
US1SDFR0001,2015-06-18,130
US1SDFR0001,2015-06-19,0
US1SDFR0001,2015-06-20,0
US1SDFR0001,2015-06-21,56
US1SDFR0001,2015-06-22,0
US1SDFR0001,2015-06-23,0
US1SDFR0001,2015-06-24,269
US1SDFR0001,2015-06-25,211
US1SDFR0001,2015-06-26,81
US1SDFR0001,2015-06-27,0
US1SDFR0001,2015-06-28,0
US1SDFR0001,2015-06-29,15
US1SDFR0001,2015-06-30,23
US1SDFR0001,2015-07-01,0
US1SDFR0001,2015-07-02,196
US1SDFR0001,2015-07-03,0
US1SDFR0001,2015-07-04,0
US1SDFR0001,2015-07-05,0
US1SDFR0001,2015-07-06,312
US1SDFR0001,2015-07-07,0
US1SDFR0001,2015-07-08,0
US1SDFR0001,2015-07-09,0
US1SDFR0001,2015-07-10,0
US1SDFR0001,2015-07-11,0
US1SDFR0001,2015-07-12,0
US1SDFR0001,2015-07-13,0
US1SDFR0001,2015-07-14,0
US1SDFR0001,2015-07-15,79
US1SDFR0001,2015-07-16,178
US1SDFR0001,2015-07-17,0
US1SDFR0001,2015-07-18,10
US1SDFR0001,2015-07-19,0
US1SDFR0001,2015-07-20,0
US1SDFR0001,2015-07-21,0
US1SDFR0001,2015-07-22,0
US1SDFR0001,2015-07-23,0
US1SDFR0001,2015-07-24,0
US1SDFR0001,2015-07-25,0
US1SDFR0001,2015-07-26,0
US1SDFR0001,2015-07-27,0
US1SDFR0001,2015-07-28,345
US1SDFR0001,2015-07-29,0
US1SDFR0001,2015-07-30,0
US1SDFR0001,2015-07-31,0
US1SDFR0001,2015-08-01,0
US1SDFR0001,2015-08-02,0
US1SDFR0001,2015-08-03,0
US1SDFR0001,2015-08-04,0
US1SDFR0001,2015-08-05,0
US1SDFR0001,2015-08-06,15
US1SDFR0001,2015-08-07,0
US1SDFR0001,2015-08-08,
US1SDFR0001,2015-08-09,0
US1SDFR0001,2015-08-10,
US1SDFR0001,2015-08-11,0
US1SDFR0001,2015-08-12,0
US1SDFR0001,2015-08-13,0
US1SDFR0001,2015-08-14,0
US1SDFR0001,2015-08-15,0
US1SDFR0001,2015-08-16,0
US1SDFR0001,2015-08-17,0
US1SDFR0001,2015-08-18,155
US1SDFR0001,2015-08-19,18
US1SDFR0001,2015-08-20,0
US1SDFR0001,2015-08-21,0
US1SDFR0001,2015-08-22,0
US1SDFR0001,2015-08-23,0
US1SDFR0001,2015-08-24,0
US1SDFR0001,2015-08-25,0
US1SDFR0001,2015-08-26,0
US1SDFR0001,2015-08-27,10
US1SDFR0001,2015-08-28,0
US1SDFR0001,2015-08-29,0
US1SDFR0001,2015-08-30,0
US1SDFR0001,2015-08-31,0
US1SDFR0001,2015-09-01,0
US1SDFR0001,2015-09-02,0
US1SDFR0001,2015-09-03,0
US1SDFR0001,2015-09-04,0
US1SDFR0001,2015-09-05,0
US1SDFR0001,2015-09-06,0
US1SDFR0001,2015-09-07,0
US1SDFR0001,2015-09-08,0
US1SDFR0001,2015-09-09,0
US1SDFR0001,2015-09-10,0
US1SDFR0001,2015-09-11,0
US1SDFR0001,2015-09-12,0
US1SDFR0001,2015-09-13,0
US1SDFR0001,2015-09-14,0
US1SDFR0001,2015-09-15,0
US1SDFR0001,2015-09-16,0
US1SDFR0001,2015-09-17,0
US1SDFR0001,2015-09-18,0
US1SDFR0001,2015-09-19,0
US1SDFR0001,2015-09-20,0
US1SDFR0001,2015-09-21,0
US1SDFR0001,2015-09-22,0
US1SDFR0001,2015-09-23,0
US1SDFR0001,2015-09-24,0
US1SDFR0001,2015-09-25,0
US1SDFR0001,2015-09-26,0
US1SDFR0001,2015-09-27,0
US1SDFR0001,2015-09-28,0
US1SDFR0001,2015-09-29,135
US1SDFR0001,2015-09-30,18
US1SDFR0001,2015-10-01,0
US1SDFR0001,2015-10-02,0
US1SDFR0001,2015-10-03,165
US1SDFR0001,2015-10-04,71
US1SDFR0001,2015-10-05,23
US1SDFR0001,2015-10-06,0
US1SDFR0001,2015-10-07,0
US1SDFR0001,2015-10-08,0
US1SDFR0001,2015-10-09,30
US1SDFR0001,2015-10-10,0
US1SDFR0001,2015-10-11,0
US1SDFR0001,2015-10-12,0
US1SDFR0001,2015-10-13,
US1SDFR0001,2015-10-14,0
US1SDFR0001,2015-10-15,0
US1SDFR0001,2015-10-16,0
US1SDFR0001,2015-10-17,0
US1SDFR0001,2015-10-18,0
US1SDFR0001,2015-10-19,0
US1SDFR0001,2015-10-20,0
US1SDFR0001,2015-10-21,0
US1SDFR0001,2015-10-22,0
US1SDFR0001,2015-10-23,142
US1SDFR0001,2015-10-24,33
US1SDFR0001,2015-10-25,0
US1SDFR0001,2015-10-26,0
US1SDFR0001,2015-10-27,0
US1SDFR0001,2015-10-28,30
US1SDFR0001,2015-10-29,0
US1SDFR0001,2015-10-30,0
US1SDFR0001,2015-10-31,0
US1SDFR0001,2015-11-01,0
US1SDFR0001,2015-11-02,0
US1SDFR0001,2015-11-03,0
US1SDFR0001,2015-11-04,0
US1SDFR0001,2015-11-05,69
US1SDFR0001,2015-11-06,0
US1SDFR0001,2015-11-07,0
US1SDFR0001,2015-11-08,0
US1SDFR0001,2015-11-09,0
US1SDFR0001,2015-11-10,0
US1SDFR0001,2015-11-11,61
US1SDFR0001,2015-11-12,0
US1SDFR0001,2015-11-13,0
US1SDFR0001,2015-11-14,0
US1SDFR0001,2015-11-15,0
US1SDFR0001,2015-11-16,0
US1SDFR0001,2015-11-17,0
US1SDFR0001,2015-11-18,0
US1SDFR0001,2015-11-19,0
US1SDFR0001,2015-11-20,23
US1SDFR0001,2015-11-21,69
US1SDFR0001,2015-11-22,0
US1SDFR0001,2015-11-23,0
US1SDFR0001,2015-11-24,0
US1SDFR0001,2015-11-25,0
US1SDFR0001,2015-11-26,15
US1SDFR0001,2015-11-27,30
US1SDFR0001,2015-11-28,0
US1SDFR0001,2015-11-29,36
US1SDFR0001,2015-11-30,0
US1SDFR0001,2015-12-01,0
US1SDFR0001,2015-12-02,0
US1SDFR0001,2015-12-03,0
US1SDFR0001,2015-12-04,0
US1SDFR0001,2015-12-05,0
US1SDFR0001,2015-12-06,0
US1SDFR0001,2015-12-07,0
US1SDFR0001,2015-12-08,0
US1SDFR0001,2015-12-09,0
US1SDFR0001,2015-12-10,0
US1SDFR0001,2015-12-11,0
US1SDFR0001,2015-12-12,0
US1SDFR0001,2015-12-13,0
US1SDFR0001,2015-12-14,0
US1SDFR0001,2015-12-15,0
US1SDFR0001,2015-12-16,91
US1SDFR0001,2015-12-17,0
US1SDFR0001,2015-12-18,0
US1SDFR0001,2015-12-19,0
US1SDFR0001,2015-12-20,0
US1SDFR0001,2015-12-21,0
US1SDFR0001,2015-12-22,0
US1SDFR0001,2015-12-23,0
US1SDFR0001,2015-12-24,0
US1SDFR0001,2015-12-25,0
US1SDFR0001,2015-12-26,56
US1SDFR0001,2015-12-27,18
US1SDFR0001,2015-12-28,0
US1SDFR0001,2015-12-29,0
US1SDFR0001,2015-12-30,0
US1SDFR0001,2015-12-31,0
US1SDFR0001,2016-01-01,0
US1SDFR0001,2016-01-02,0
US1SDFR0001,2016-01-03,0
US1SDFR0001,2016-01-04,0
US1SDFR0001,2016-01-05,0
US1SDFR0001,2016-01-06,0
US1SDFR0001,2016-01-07,0
US1SDFR0001,2016-01-08,0
US1SDFR0001,2016-01-09,0
US1SDFR0001,2016-01-10,5
US1SDFR0001,2016-01-11,0
US1SDFR0001,2016-01-12,0
US1SDFR0001,2016-01-13,0
US1SDFR0001,2016-01-14,0
US1SDFR0001,2016-01-15,0
US1SDFR0001,2016-01-16,0
US1SDFR0001,2016-01-17,28
US1SDFR0001,2016-01-18,0
US1SDFR0001,2016-01-19,0
US1SDFR0001,2016-01-20,0
US1SDFR0001,2016-01-21,0
US1SDFR0001,2016-01-22,0
US1SDFR0001,2016-01-23,0
US1SDFR0001,2016-01-24,0
US1SDFR0001,2016-01-25,18
US1SDFR0001,2016-01-26,0
US1SDFR0001,2016-01-27,0
US1SDFR0001,2016-01-28,0
US1SDFR0001,2016-01-29,0
US1SDFR0001,2016-01-30,0
US1SDFR0001,2016-01-31,0
US1SDFR0001,2016-02-01,0
US1SDFR0001,2016-02-02,46
US1SDFR0001,2016-02-03,0
US1SDFR0001,2016-02-04,0
US1SDFR0001,2016-02-05,0
US1SDFR0001,2016-02-06,0
US1SDFR0001,2016-02-07,0
US1SDFR0001,2016-02-08,0
US1SDFR0001,2016-02-09,0
US1SDFR0001,2016-02-10,0
US1SDFR0001,2016-02-11,0
US1SDFR0001,2016-02-12,0
US1SDFR0001,2016-02-13,0
US1SDFR0001,2016-02-14,0
US1SDFR0001,2016-02-15,0
US1SDFR0001,2016-02-16,0
US1SDFR0001,2016-02-17,0
US1SDFR0001,2016-02-18,0
US1SDFR0001,2016-02-19,0
US1SDFR0001,2016-02-20,0
US1SDFR0001,2016-02-21,0
US1SDFR0001,2016-02-22,0
US1SDFR0001,2016-02-23,0
US1SDFR0001,2016-02-24,0
US1SDFR0001,2016-02-25,0
US1SDFR0001,2016-02-26,0
US1SDFR0001,2016-02-27,0
US1SDFR0001,2016-02-28,0
US1SDFR0001,2016-02-29,0
US1SDFR0001,2016-03-01,0
US1SDFR0001,2016-03-02,0
US1SDFR0001,2016-03-03,0
US1SDFR0001,2016-03-04,0
US1SDFR0001,2016-03-05,0
US1SDFR0001,2016-03-06,0
US1SDFR0001,2016-03-07,0
US1SDFR0001,2016-03-08,41
US1SDFR0001,2016-03-09,0
US1SDFR0001,2016-03-10,0
US1SDFR0001,2016-03-11,0
US1SDFR0001,2016-03-12,0
US1SDFR0001,2016-03-13,0
US1SDFR0001,2016-03-14,0
US1SDFR0001,2016-03-15,0
US1SDFR0001,2016-03-16,18
US1SDFR0001,2016-03-17,0
US1SDFR0001,2016-03-18,0
US1SDFR0001,2016-03-19,0
US1SDFR0001,2016-03-20,0
US1SDFR0001,2016-03-21,0
US1SDFR0001,2016-03-22,0
US1SDFR0001,2016-03-23,46
US1SDFR0001,2016-03-24,23
US1SDFR0001,2016-03-25,0
US1SDFR0001,2016-03-26,56
US1SDFR0001,2016-03-27,0
US1SDFR0001,2016-03-28,0
US1SDFR0001,2016-03-29,0
US1SDFR0001,2016-03-30,41
US1SDFR0001,2016-03-31,46
US1SDFR0001,2016-04-01,0
US1SDFR0001,2016-04-02,0
US1SDFR0001,2016-04-03,0
US1SDFR0001,2016-04-04,0
US1SDFR0001,2016-04-05,0
US1SDFR0001,2016-04-06,0
US1SDFR0001,2016-04-07,0
US1SDFR0001,2016-04-08,0
US1SDFR0001,2016-04-09,0
US1SDFR0001,2016-04-10,0
US1SDFR0001,2016-04-11,0
US1SDFR0001,2016-04-12,0
US1SDFR0001,2016-04-13,0
US1SDFR0001,2016-04-14,0
US1SDFR0001,2016-04-15,28
US1SDFR0001,2016-04-16,117
US1SDFR0001,2016-04-17,38
US1SDFR0001,2016-04-18,91
US1SDFR0001,2016-04-19,0
US1SDFR0001,2016-04-20,0
US1SDFR0001,2016-04-21,0
US1SDFR0001,2016-04-22,0
US1SDFR0001,2016-04-23,0
US1SDFR0001,2016-04-24,0
US1SDFR0001,2016-04-25,53
US1SDFR0001,2016-04-26,79
US1SDFR0001,2016-04-27,188
US1SDFR0001,2016-04-28,53
US1SDFR0001,2016-04-29,5
US1SDFR0001,2016-04-30,15
US1SDFR0001,2016-05-01,5
US1SDFR0001,2016-05-02,0
US1SDFR0001,2016-05-03,0
US1SDFR0001,2016-05-04,0
US1SDFR0001,2016-05-05,0
US1SDFR0001,2016-05-06,0
US1SDFR0001,2016-05-07,53
US1SDFR0001,2016-05-08,33
US1SDFR0001,2016-05-09,114
US1SDFR0001,2016-05-10,41
US1SDFR0001,2016-05-11,0
US1SDFR0001,2016-05-12,0
US1SDFR0001,2016-05-13,0
US1SDFR0001,2016-05-14,5
US1SDFR0001,2016-05-15,0
US1SDFR0001,2016-05-16,36
US1SDFR0001,2016-05-17,84
US1SDFR0001,2016-05-18,0
US1SDFR0001,2016-05-19,0
US1SDFR0001,2016-05-20,
US1SDFR0001,2016-05-21,0
US1SDFR0001,2016-05-22,0
US1SDFR0001,2016-05-23,0
US1SDFR0001,2016-05-24,0
US1SDFR0001,2016-05-25,99
US1SDFR0001,2016-05-26,0
US1SDFR0001,2016-05-27,0
US1SDFR0001,2016-05-28,10
US1SDFR0001,2016-05-29,66
US1SDFR0001,2016-05-30,0
US1SDFR0001,2016-05-31,15
US1SDFR0001,2016-06-01,0
US1SDFR0001,2016-06-02,0
US1SDFR0001,2016-06-03,0
US1SDFR0001,2016-06-04,0
US1SDFR0001,2016-06-05,0
US1SDFR0001,2016-06-06,0
US1SDFR0001,2016-06-07,0
US1SDFR0001,2016-06-08,0
US1SDFR0001,2016-06-09,0
US1SDFR0001,2016-06-10,8
US1SDFR0001,2016-06-11,0
US1SDFR0001,2016-06-12,0
US1SDFR0001,2016-06-13,104
US1SDFR0001,2016-06-14,79
US1SDFR0001,2016-06-15,0
US1SDFR0001,2016-06-16,0
US1SDFR0001,2016-06-17,0
US1SDFR0001,2016-06-18,0
US1SDFR0001,2016-06-19,0
US1SDFR0001,2016-06-20,0
US1SDFR0001,2016-06-21,0
US1SDFR0001,2016-06-22,0
US1SDFR0001,2016-06-23,
US1SDFR0001,2016-06-24,
US1SDFR0001,2016-06-25,0
US1SDFR0001,2016-06-26,0
US1SDFR0001,2016-06-27,0
US1SDFR0001,2016-06-28,86
US1SDFR0001,2016-06-29,180
US1SDFR0001,2016-06-30,84
US1SDFR0001,2016-07-01,0
US1SDFR0001,2016-07-02,460
US1SDFR0001,2016-07-03,0
US1SDFR0001,2016-07-04,0
US1SDFR0001,2016-07-05,0
US1SDFR0001,2016-07-06,20
US1SDFR0001,2016-07-07,66
US1SDFR0001,2016-07-08,0
US1SDFR0001,2016-07-09,0
US1SDFR0001,2016-07-10,0
US1SDFR0001,2016-07-11,0
US1SDFR0001,2016-07-12,0
US1SDFR0001,2016-07-13,0
US1SDFR0001,2016-07-14,0
US1SDFR0001,2016-07-15,0
US1SDFR0001,2016-07-16,0
US1SDFR0001,2016-07-17,0
US1SDFR0001,2016-07-18,25
US1SDFR0001,2016-07-19,5
US1SDFR0001,2016-07-20,0
US1SDFR0001,2016-07-21,0
US1SDFR0001,2016-07-22,0
US1SDFR0001,2016-07-23,15
US1SDFR0001,2016-07-24,0
US1SDFR0001,2016-07-25,0
US1SDFR0001,2016-07-26,15
US1SDFR0001,2016-07-27,48
US1SDFR0001,2016-07-28,66
US1SDFR0001,2016-07-29,41
US1SDFR0001,2016-07-30,0
US1SDFR0001,2016-07-31,196
US1SDFR0001,2016-08-01,0
US1SDFR0001,2016-08-02,18
US1SDFR0001,2016-08-03,0
US1SDFR0001,2016-08-04,0
US1SDFR0001,2016-08-05,0
US1SDFR0001,2016-08-06,
US1SDFR0001,2016-08-07,8
US1SDFR0001,2016-08-08,142
US1SDFR0001,2016-08-09,137
US1SDFR0001,2016-08-10,0
US1SDFR0001,2016-08-11,0
US1SDFR0001,2016-08-12,0
US1SDFR0001,2016-08-13,0
US1SDFR0001,2016-08-14,0
US1SDFR0001,2016-08-15,20
US1SDFR0001,2016-08-16,0
US1SDFR0001,2016-08-17,0
US1SDFR0001,2016-08-18,0
US1SDFR0001,2016-08-19,28
US1SDFR0001,2016-08-20,23
US1SDFR0001,2016-08-21,0
US1SDFR0001,2016-08-22,0
US1SDFR0001,2016-08-23,0
US1SDFR0001,2016-08-24,0
US1SDFR0001,2016-08-25,0
US1SDFR0001,2016-08-26,173
US1SDFR0001,2016-08-27,8
US1SDFR0001,2016-08-28,0
US1SDFR0001,2016-08-29,0
US1SDFR0001,2016-08-30,0
US1SDFR0001,2016-08-31,0
US1SDFR0001,2016-09-01,0
US1SDFR0001,2016-09-02,0
US1SDFR0001,2016-09-03,0
US1SDFR0001,2016-09-04,353
US1SDFR0001,2016-09-05,30
US1SDFR0001,2016-09-06,0
US1SDFR0001,2016-09-07,0
US1SDFR0001,2016-09-08,0
US1SDFR0001,2016-09-09,0
US1SDFR0001,2016-09-10,5
US1SDFR0001,2016-09-11,0
US1SDFR0001,2016-09-12,0
US1SDFR0001,2016-09-13,0
US1SDFR0001,2016-09-14,0
US1SDFR0001,2016-09-15,107
US1SDFR0001,2016-09-16,0
US1SDFR0001,2016-09-17,0
US1SDFR0001,2016-09-18,0
US1SDFR0001,2016-09-19,0
US1SDFR0001,2016-09-20,0
US1SDFR0001,2016-09-21,0
US1SDFR0001,2016-09-22,0
US1SDFR0001,2016-09-23,0
US1SDFR0001,2016-09-24,218
US1SDFR0001,2016-09-25,0
US1SDFR0001,2016-09-26,0
US1SDFR0001,2016-09-27,0
US1SDFR0001,2016-09-28,0
US1SDFR0001,2016-09-29,0
US1SDFR0001,2016-09-30,0
US1SDFR0001,2016-10-01,0
US1SDFR0001,2016-10-02,0
US1SDFR0001,2016-10-03,30
US1SDFR0001,2016-10-04,46
US1SDFR0001,2016-10-05,0
US1SDFR0001,2016-10-06,0
US1SDFR0001,2016-10-07,5
US1SDFR0001,2016-10-08,0
US1SDFR0001,2016-10-09,0
US1SDFR0001,2016-10-10,0
US1SDFR0001,2016-10-11,0
US1SDFR0001,2016-10-12,15
US1SDFR0001,2016-10-13,0
US1SDFR0001,2016-10-14,0
US1SDFR0001,2016-10-15,0
US1SDFR0001,2016-10-16,0
US1SDFR0001,2016-10-17,0
US1SDFR0001,2016-10-18,0
US1SDFR0001,2016-10-19,0
US1SDFR0001,2016-10-20,0
US1SDFR0001,2016-10-21,0
US1SDFR0001,2016-10-22,0
US1SDFR0001,2016-10-23,0
US1SDFR0001,2016-10-24,0
US1SDFR0001,2016-10-25,0
US1SDFR0001,2016-10-26,0
US1SDFR0001,2016-10-27,0
US1SDFR0001,2016-10-28,0
US1SDFR0001,2016-10-29,0
US1SDFR0001,2016-10-30,0
US1SDFR0001,2016-10-31,0
US1SDFR0001,2016-11-01,0
US1SDFR0001,2016-11-02,3
US1SDFR0001,2016-11-03,0
US1SDFR0001,2016-11-04,0
US1SDFR0001,2016-11-05,0
US1SDFR0001,2016-11-06,0
US1SDFR0001,2016-11-07,0
US1SDFR0001,2016-11-08,0
US1SDFR0001,2016-11-09,0
US1SDFR0001,2016-11-10,0
US1SDFR0001,2016-11-11,0
US1SDFR0001,2016-11-12,0
US1SDFR0001,2016-11-13,0
US1SDFR0001,2016-11-14,0
US1SDFR0001,2016-11-15,0
US1SDFR0001,2016-11-16,0
US1SDFR0001,2016-11-17,0
US1SDFR0001,2016-11-18,58
US1SDFR0001,2016-11-19,0
US1SDFR0001,2016-11-20,0
US1SDFR0001,2016-11-21,0
US1SDFR0001,2016-11-22,0
US1SDFR0001,2016-11-23,3
US1SDFR0001,2016-11-24,0
US1SDFR0001,2016-11-25,0
US1SDFR0001,2016-11-26,
US1SDFR0001,2016-11-27,0
US1SDFR0001,2016-11-28,0
US1SDFR0001,2016-11-29,0
US1SDFR0001,2016-11-30,0
US1SDFR0001,2016-12-01,0
US1SDFR0001,2016-12-02,0
US1SDFR0001,2016-12-03,0
US1SDFR0001,2016-12-04,0
US1SDFR0001,2016-12-05,0
US1SDFR0001,2016-12-06,18
US1SDFR0001,2016-12-07,0
US1SDFR0001,2016-12-08,0
US1SDFR0001,2016-12-09,0
US1SDFR0001,2016-12-10,23
US1SDFR0001,2016-12-11,0
US1SDFR0001,2016-12-12,0
US1SDFR0001,2016-12-13,0
US1SDFR0001,2016-12-14,0
US1SDFR0001,2016-12-15,8
US1SDFR0001,2016-12-16,13
US1SDFR0001,2016-12-17,152
US1SDFR0001,2016-12-18,0
US1SDFR0001,2016-12-19,0
US1SDFR0001,2016-12-20,0
US1SDFR0001,2016-12-21,0
US1SDFR0001,2016-12-22,0
US1SDFR0001,2016-12-23,0
US1SDFR0001,2016-12-24,0
US1SDFR0001,2016-12-25,0
US1SDFR0001,2016-12-26,127
US1SDFR0001,2016-12-27,0
US1SDFR0001,2016-12-28,0
US1SDFR0001,2016-12-29,0
US1SDFR0001,2016-12-30,0
US1SDFR0001,2016-12-31,0
US1SDFR0001,2017-01-01,0
US1SDFR0001,2017-01-02,0
US1SDFR0001,2017-01-03,33
US1SDFR0001,2017-01-04,0
US1SDFR0001,2017-01-05,0
US1SDFR0001,2017-01-06,0
US1SDFR0001,2017-01-07,0
US1SDFR0001,2017-01-08,0
US1SDFR0001,2017-01-09,10
US1SDFR0001,2017-01-10,0
US1SDFR0001,2017-01-11,0
US1SDFR0001,2017-01-12,0
US1SDFR0001,2017-01-13,0
US1SDFR0001,2017-01-14,0
US1SDFR0001,2017-01-15,0
US1SDFR0001,2017-01-16,0
US1SDFR0001,2017-01-17,0
US1SDFR0001,2017-01-18,0
US1SDFR0001,2017-01-19,0
US1SDFR0001,2017-01-20,0
US1SDFR0001,2017-01-21,0
US1SDFR0001,2017-01-22,0
US1SDFR0001,2017-01-23,0
US1SDFR0001,2017-01-24,23
US1SDFR0001,2017-01-25,61
US1SDFR0001,2017-01-26,0
US1SDFR0001,2017-01-27,0
US1SDFR0001,2017-01-28,0
US1SDFR0001,2017-01-29,0
US1SDFR0001,2017-01-30,0
US1SDFR0001,2017-01-31,0
US1SDFR0001,2017-02-01,112
US1SDFR0001,2017-02-02,61
US1SDFR0001,2017-02-03,23
US1SDFR0001,2017-02-04,0
US1SDFR0001,2017-02-05,0
US1SDFR0001,2017-02-06,0
US1SDFR0001,2017-02-07,0
US1SDFR0001,2017-02-08,91
US1SDFR0001,2017-02-09,0
US1SDFR0001,2017-02-10,0
US1SDFR0001,2017-02-11,0
US1SDFR0001,2017-02-12,0
US1SDFR0001,2017-02-13,0
US1SDFR0001,2017-02-14,0
US1SDFR0001,2017-02-15,0
US1SDFR0001,2017-02-16,0
US1SDFR0001,2017-02-17,0
US1SDFR0001,2017-02-18,0
US1SDFR0001,2017-02-19,0
US1SDFR0001,2017-02-20,8
US1SDFR0001,2017-02-21,0
US1SDFR0001,2017-02-22,5
US1SDFR0001,2017-02-23,10
US1SDFR0001,2017-02-24,102
US1SDFR0001,2017-02-25,0
US1SDFR0001,2017-02-26,0
US1SDFR0001,2017-02-27,0
US1SDFR0001,2017-02-28,0
US1SDFR0001,2017-03-01,0
US1SDFR0001,2017-03-02,0
US1SDFR0001,2017-03-03,0
US1SDFR0001,2017-03-04,0
US1SDFR0001,2017-03-05,0
US1SDFR0001,2017-03-06,0
US1SDFR0001,2017-03-07,0
US1SDFR0001,2017-03-08,0
US1SDFR0001,2017-03-09,0
US1SDFR0001,2017-03-10,0
US1SDFR0001,2017-03-11,15
US1SDFR0001,2017-03-12,0
US1SDFR0001,2017-03-13,0
US1SDFR0001,2017-03-14,0
US1SDFR0001,2017-03-15,0
US1SDFR0001,2017-03-16,0
US1SDFR0001,2017-03-17,0
US1SDFR0001,2017-03-18,0
US1SDFR0001,2017-03-19,0
US1SDFR0001,2017-03-20,0
US1SDFR0001,2017-03-21,30
US1SDFR0001,2017-03-22,8
US1SDFR0001,2017-03-23,0
US1SDFR0001,2017-03-24,0
US1SDFR0001,2017-03-25,0
US1SDFR0001,2017-03-26,0
US1SDFR0001,2017-03-27,28
US1SDFR0001,2017-03-28,56
US1SDFR0001,2017-03-29,173
US1SDFR0001,2017-03-30,5
US1SDFR0001,2017-03-31,8
US1SDFR0001,2017-04-01,30
US1SDFR0001,2017-04-02,0
US1SDFR0001,2017-04-03,91
US1SDFR0001,2017-04-04,38
US1SDFR0001,2017-04-05,0
US1SDFR0001,2017-04-06,0
US1SDFR0001,2017-04-07,0
US1SDFR0001,2017-04-08,0
US1SDFR0001,2017-04-09,0
US1SDFR0001,2017-04-10,91
US1SDFR0001,2017-04-11,10
US1SDFR0001,2017-04-12,0
US1SDFR0001,2017-04-13,0
US1SDFR0001,2017-04-14,0
US1SDFR0001,2017-04-15,0
US1SDFR0001,2017-04-16,0
US1SDFR0001,2017-04-17,0
US1SDFR0001,2017-04-18,0
US1SDFR0001,2017-04-19,79
US1SDFR0001,2017-04-20,0
US1SDFR0001,2017-04-21,0
US1SDFR0001,2017-04-22,0
US1SDFR0001,2017-04-23,0
US1SDFR0001,2017-04-24,0
US1SDFR0001,2017-04-25,117
US1SDFR0001,2017-04-26,33
US1SDFR0001,2017-04-27,0
US1SDFR0001,2017-04-28,43
US1SDFR0001,2017-04-29,30
US1SDFR0001,2017-04-30,0
US1SDFR0001,2017-05-01,0
US1SDFR0001,2017-05-02,0
US1SDFR0001,2017-05-03,23
US1SDFR0001,2017-05-04,3
US1SDFR0001,2017-05-05,0
US1SDFR0001,2017-05-06,
US1SDFR0001,2017-05-07,0
US1SDFR0001,2017-05-08,0
US1SDFR0001,2017-05-09,0
US1SDFR0001,2017-05-10,5
US1SDFR0001,2017-05-11,0
US1SDFR0001,2017-05-12,0
US1SDFR0001,2017-05-13,0
US1SDFR0001,2017-05-14,84
US1SDFR0001,2017-05-15,91
US1SDFR0001,2017-05-16,5
US1SDFR0001,2017-05-17,0
US1SDFR0001,2017-05-18,0
US1SDFR0001,2017-05-19,89
US1SDFR0001,2017-05-20,5
US1SDFR0001,2017-05-21,0
US1SDFR0001,2017-05-22,0
US1SDFR0001,2017-05-23,91
US1SDFR0001,2017-05-24,0
US1SDFR0001,2017-05-25,5
US1SDFR0001,2017-05-26,0
US1SDFR0001,2017-05-27,99
US1SDFR0001,2017-05-28,23
US1SDFR0001,2017-05-29,198
US1SDFR0001,2017-05-30,0
US1SDFR0001,2017-05-31,74
US1SDFR0001,2017-06-01,0
US1SDFR0001,2017-06-02,0
US1SDFR0001,2017-06-03,18
US1SDFR0001,2017-06-04,0
US1SDFR0001,2017-06-05,0
US1SDFR0001,2017-06-06,262
US1SDFR0001,2017-06-07,0
US1SDFR0001,2017-06-08,
US1SDFR0001,2017-06-09,0
US1SDFR0001,2017-06-10,0
US1SDFR0001,2017-06-11,0
US1SDFR0001,2017-06-12,0
US1SDFR0001,2017-06-13,224
US1SDFR0001,2017-06-14,0
US1SDFR0001,2017-06-15,0
US1SDFR0001,2017-06-16,0
US1SDFR0001,2017-06-17,0
US1SDFR0001,2017-06-18,0
US1SDFR0001,2017-06-19,0
US1SDFR0001,2017-06-20,0
US1SDFR0001,2017-06-21,0
US1SDFR0001,2017-06-22,0
US1SDFR0001,2017-06-23,8
US1SDFR0001,2017-06-24,0
US1SDFR0001,2017-06-25,0
US1SDFR0001,2017-06-26,0
US1SDFR0001,2017-06-27,0
US1SDFR0001,2017-06-28,74
US1SDFR0001,2017-06-29,81
US1SDFR0001,2017-06-30,114
US1SDFR0001,2017-07-01,0
US1SDFR0001,2017-07-02,0
US1SDFR0001,2017-07-03,10
US1SDFR0001,2017-07-04,0
US1SDFR0001,2017-07-05,3
US1SDFR0001,2017-07-06,0
US1SDFR0001,2017-07-07,38
US1SDFR0001,2017-07-08,8
US1SDFR0001,2017-07-09,0
US1SDFR0001,2017-07-10,0
US1SDFR0001,2017-07-11,0
US1SDFR0001,2017-07-12,0
US1SDFR0001,2017-07-13,183
US1SDFR0001,2017-07-14,0
US1SDFR0001,2017-07-15,0
US1SDFR0001,2017-07-16,0
US1SDFR0001,2017-07-17,0
US1SDFR0001,2017-07-18,8
US1SDFR0001,2017-07-19,5
US1SDFR0001,2017-07-20,0
US1SDFR0001,2017-07-21,0
US1SDFR0001,2017-07-22,0
US1SDFR0001,2017-07-23,0
US1SDFR0001,2017-07-24,0
US1SDFR0001,2017-07-25,0
US1SDFR0001,2017-07-26,
US1SDFR0001,2017-07-27,0
US1SDFR0001,2017-07-28,155
US1SDFR0001,2017-07-29,0
US1SDFR0001,2017-07-30,0
US1SDFR0001,2017-07-31,56
US1SDFR0001,2017-08-01,
US1SDFR0001,2017-08-02,117
US1SDFR0001,2017-08-03,0
US1SDFR0001,2017-08-04,0
US1SDFR0001,2017-08-05,
US1SDFR0001,2017-08-06,38
US1SDFR0001,2017-08-07,5
US1SDFR0001,2017-08-08,0
US1SDFR0001,2017-08-09,66
US1SDFR0001,2017-08-10,0
US1SDFR0001,2017-08-11,0
US1SDFR0001,2017-08-12,5
US1SDFR0001,2017-08-13,0
US1SDFR0001,2017-08-14,0
US1SDFR0001,2017-08-15,0
US1SDFR0001,2017-08-16,56
US1SDFR0001,2017-08-17,0
US1SDFR0001,2017-08-18,3
US1SDFR0001,2017-08-19,0
US1SDFR0001,2017-08-20,0
US1SDFR0001,2017-08-21,0
US1SDFR0001,2017-08-22,0
US1SDFR0001,2017-08-23,0
US1SDFR0001,2017-08-24,0
US1SDFR0001,2017-08-25,0
US1SDFR0001,2017-08-26,0
US1SDFR0001,2017-08-27,0
US1SDFR0001,2017-08-28,0
US1SDFR0001,2017-08-29,0
US1SDFR0001,2017-08-30,0
US1SDFR0001,2017-08-31,0
US1SDFR0001,2017-09-01,
US1SDFR0001,2017-09-02,0
US1SDFR0001,2017-09-03,0
US1SDFR0001,2017-09-04,0
US1SDFR0001,2017-09-05,0
US1SDFR0001,2017-09-06,0
US1SDFR0001,2017-09-07,0
US1SDFR0001,2017-09-08,0
US1SDFR0001,2017-09-09,0
US1SDFR0001,2017-09-10,0
US1SDFR0001,2017-09-11,0
US1SDFR0001,2017-09-12,0
US1SDFR0001,2017-09-13,0
US1SDFR0001,2017-09-14,0
US1SDFR0001,2017-09-15,0
US1SDFR0001,2017-09-16,130
US1SDFR0001,2017-09-17,8
US1SDFR0001,2017-09-18,0
US1SDFR0001,2017-09-19,0
US1SDFR0001,2017-09-20,0
US1SDFR0001,2017-09-21,0
US1SDFR0001,2017-09-22,0
US1SDFR0001,2017-09-23,0
US1SDFR0001,2017-09-24,97
US1SDFR0001,2017-09-25,53
US1SDFR0001,2017-09-26,3
US1SDFR0001,2017-09-27,0
US1SDFR0001,2017-09-28,0
US1SDFR0001,2017-09-29,0
US1SDFR0001,2017-09-30,8
US1SDFR0001,2017-10-01,0
US1SDFR0001,2017-10-02,20
US1SDFR0001,2017-10-03,53
US1SDFR0001,2017-10-04,0
US1SDFR0001,2017-10-05,0
US1SDFR0001,2017-10-06,0
US1SDFR0001,2017-10-07,66
US1SDFR0001,2017-10-08,0
US1SDFR0001,2017-10-09,20
US1SDFR0001,2017-10-10,0
US1SDFR0001,2017-10-11,0
US1SDFR0001,2017-10-12,0
US1SDFR0001,2017-10-13,0
US1SDFR0001,2017-10-14,5
US1SDFR0001,2017-10-15,30
US1SDFR0001,2017-10-16,0
US1SDFR0001,2017-10-17,0
US1SDFR0001,2017-10-18,0
US1SDFR0001,2017-10-19,0
US1SDFR0001,2017-10-20,0
US1SDFR0001,2017-10-21,0
US1SDFR0001,2017-10-22,0
US1SDFR0001,2017-10-23,0
US1SDFR0001,2017-10-24,0
US1SDFR0001,2017-10-25,0
US1SDFR0001,2017-10-26,0
US1SDFR0001,2017-10-27,0
US1SDFR0001,2017-10-28,0
US1SDFR0001,2017-10-29,0
US1SDFR0001,2017-10-30,0
US1SDFR0001,2017-10-31,0
US1SDFR0001,2017-11-01,0
US1SDFR0001,2017-11-02,28
US1SDFR0001,2017-11-03,10
US1SDFR0001,2017-11-04,0
US1SDFR0001,2017-11-05,0
US1SDFR0001,2017-11-06,5
US1SDFR0001,2017-11-07,5
US1SDFR0001,2017-11-08,0
US1SDFR0001,2017-11-09,0
US1SDFR0001,2017-11-10,0
US1SDFR0001,2017-11-11,0
US1SDFR0001,2017-11-12,0
US1SDFR0001,2017-11-13,0
US1SDFR0001,2017-11-14,0
US1SDFR0001,2017-11-15,0
US1SDFR0001,2017-11-16,0
US1SDFR0001,2017-11-17,0
US1SDFR0001,2017-11-18,0
US1SDFR0001,2017-11-19,0
US1SDFR0001,2017-11-20,0
US1SDFR0001,2017-11-21,5
US1SDFR0001,2017-11-22,0
US1SDFR0001,2017-11-23,0
US1SDFR0001,2017-11-24,0
US1SDFR0001,2017-11-25,0
US1SDFR0001,2017-11-26,0
US1SDFR0001,2017-11-27,0
US1SDFR0001,2017-11-28,0
US1SDFR0001,2017-11-29,0
US1SDFR0001,2017-11-30,0
US1SDFR0001,2017-12-01,0
US1SDFR0001,2017-12-02,
US1SDFR0001,2017-12-03,0
US1SDFR0001,2017-12-04,13
US1SDFR0001,2017-12-05,0
US1SDFR0001,2017-12-06,0
US1SDFR0001,2017-12-07,8
US1SDFR0001,2017-12-08,0
US1SDFR0001,2017-12-09,0
US1SDFR0001,2017-12-10,0
US1SDFR0001,2017-12-11,0
US1SDFR0001,2017-12-12,0
US1SDFR0001,2017-12-13,0
US1SDFR0001,2017-12-14,0
US1SDFR0001,2017-12-15,0
US1SDFR0001,2017-12-16,0
US1SDFR0001,2017-12-17,0
US1SDFR0001,2017-12-18,0
US1SDFR0001,2017-12-19,0
US1SDFR0001,2017-12-20,0
US1SDFR0001,2017-12-21,28
US1SDFR0001,2017-12-22,48
US1SDFR0001,2017-12-23,20
US1SDFR0001,2017-12-24,0
US1SDFR0001,2017-12-25,0
US1SDFR0001,2017-12-26,10
US1SDFR0001,2017-12-27,0
US1SDFR0001,2017-12-28,0
US1SDFR0001,2017-12-29,0
US1SDFR0001,2017-12-30,0
US1SDFR0001,2017-12-31,0
US1SDFR0001,2018-01-01,0
US1SDFR0001,2018-01-02,0
US1SDFR0001,2018-01-03,0
US1SDFR0001,2018-01-04,0
US1SDFR0001,2018-01-05,0
US1SDFR0001,2018-01-06,0
US1SDFR0001,2018-01-07,0
US1SDFR0001,2018-01-08,0
US1SDFR0001,2018-01-09,0
US1SDFR0001,2018-01-10,0
US1SDFR0001,2018-01-11,13
US1SDFR0001,2018-01-12,0
US1SDFR0001,2018-01-13,0
US1SDFR0001,2018-01-14,0
US1SDFR0001,2018-01-15,0
US1SDFR0001,2018-01-16,0
US1SDFR0001,2018-01-17,0
US1SDFR0001,2018-01-18,0
US1SDFR0001,2018-01-19,
US1SDFR0001,2018-01-20,0
US1SDFR0001,2018-01-21,99
US1SDFR0001,2018-01-22,13
US1SDFR0001,2018-01-23,0
US1SDFR0001,2018-01-24,0
US1SDFR0001,2018-01-25,0
US1SDFR0001,2018-01-26,0
US1SDFR0001,2018-01-27,0
US1SDFR0001,2018-01-28,0
US1SDFR0001,2018-01-29,0
US1SDFR0001,2018-01-30,0
US1SDFR0001,2018-01-31,0
US1SDFR0001,2018-02-01,0
US1SDFR0001,2018-02-02,0
US1SDFR0001,2018-02-03,0
US1SDFR0001,2018-02-04,74
US1SDFR0001,2018-02-05,0
US1SDFR0001,2018-02-06,8
US1SDFR0001,2018-02-07,0
US1SDFR0001,2018-02-08,0
US1SDFR0001,2018-02-09,168
US1SDFR0001,2018-02-10,140
US1SDFR0001,2018-02-11,0
US1SDFR0001,2018-02-12,0
US1SDFR0001,2018-02-13,8
US1SDFR0001,2018-02-14,0
US1SDFR0001,2018-02-15,0
US1SDFR0001,2018-02-16,41
US1SDFR0001,2018-02-17,0
US1SDFR0001,2018-02-18,0
US1SDFR0001,2018-02-19,84
US1SDFR0001,2018-02-20,112
US1SDFR0001,2018-02-21,
US1SDFR0001,2018-02-22,0
US1SDFR0001,2018-02-23,0
US1SDFR0001,2018-02-24,0
US1SDFR0001,2018-02-25,
US1SDFR0001,2018-02-26,0
US1SDFR0001,2018-02-27,0
US1SDFR0001,2018-02-28,0
US1SDFR0001,2018-03-01,0
US1SDFR0001,2018-03-02,0
US1SDFR0001,2018-03-03,0
US1SDFR0001,2018-03-04,0
US1SDFR0001,2018-03-05,0
US1SDFR0001,2018-03-06,0
US1SDFR0001,2018-03-07,0
US1SDFR0001,2018-03-08,0
US1SDFR0001,2018-03-09,0
US1SDFR0001,2018-03-10,0
US1SDFR0001,2018-03-11,0
US1SDFR0001,2018-03-12,0
US1SDFR0001,2018-03-13,0
US1SDFR0001,2018-03-14,0
US1SDFR0001,2018-03-15,0
US1SDFR0001,2018-03-16,53
US1SDFR0001,2018-03-17,23
US1SDFR0001,2018-03-18,0
US1SDFR0001,2018-03-19,0
US1SDFR0001,2018-03-20,
US1SDFR0001,2018-03-21,0
US1SDFR0001,2018-03-22,0
US1SDFR0001,2018-03-23,0
US1SDFR0001,2018-03-24,0
US1SDFR0001,2018-03-25,0
US1SDFR0001,2018-03-26,23
US1SDFR0001,2018-03-27,5
US1SDFR0001,2018-03-28,0
US1SDFR0001,2018-03-29,
US1SDFR0001,2018-03-30,
US1SDFR0001,2018-03-31,
US1SDFR0001,2018-04-01,
US1SDFR0001,2018-04-02,
US1SDFR0001,2018-04-03,
US1SDFR0001,2018-04-04,0
US1SDFR0001,2018-04-05,0
US1SDFR0001,2018-04-06,
US1SDFR0001,2018-04-07,
US1SDFR0001,2018-04-08,
US1SDFR0001,2018-04-09,0
US1SDFR0001,2018-04-10,
US1SDFR0001,2018-04-11,
US1SDFR0001,2018-04-12,0
US1SDFR0001,2018-04-13,122
US1SDFR0001,2018-04-14,0
US1SDFR0001,2018-04-15,0
US1SDFR0001,2018-04-16,
US1SDFR0001,2018-04-17,0
US1SDFR0001,2018-04-18,0
US1SDFR0001,2018-04-19,0
US1SDFR0001,2018-04-20,
US1SDFR0001,2018-04-21,79
US1SDFR0001,2018-04-22,0
US1SDFR0001,2018-04-23,0
US1SDFR0001,2018-04-24,43
US1SDFR0001,2018-04-25,0
US1SDFR0001,2018-04-26,
US1SDFR0001,2018-04-27,0
US1SDFR0001,2018-04-28,0
US1SDFR0001,2018-04-29,0
US1SDFR0001,2018-04-30,0
US1SDFR0001,2018-05-01,0
US1SDFR0001,2018-05-02,53
US1SDFR0001,2018-05-03,0
US1SDFR0001,2018-05-04,8
US1SDFR0001,2018-05-05,
US1SDFR0001,2018-05-06,0
US1SDFR0001,2018-05-07,0
US1SDFR0001,2018-05-08,0
US1SDFR0001,2018-05-09,
US1SDFR0001,2018-05-10,0
US1SDFR0001,2018-05-11,
US1SDFR0001,2018-05-12,109
US1SDFR0001,2018-05-13,
US1SDFR0001,2018-05-14,
US1SDFR0001,2018-05-15,0
US1SDFR0001,2018-05-16,0
US1SDFR0001,2018-05-17,0
US1SDFR0001,2018-05-18,130
US1SDFR0001,2018-05-19,310
US1SDFR0001,2018-05-20,
US1SDFR0001,2018-05-21,0
US1SDFR0001,2018-05-22,0
US1SDFR0001,2018-05-23,170
US1SDFR0001,2018-05-24,28
US1SDFR0001,2018-05-25,0
US1SDFR0001,2018-05-26,0
US1SDFR0001,2018-05-27,0
US1SDFR0001,2018-05-28,328
US1SDFR0001,2018-05-29,259
US1SDFR0001,2018-05-30,0
US1SDFR0001,2018-05-31,0
US1SDFR0001,2018-06-01,0
US1SDFR0001,2018-06-02,
US1SDFR0001,2018-06-03,
US1SDFR0001,2018-06-04,
US1SDFR0001,2018-06-05,
US1SDFR0001,2018-06-06,
US1SDFR0001,2018-06-07,
US1SDFR0001,2018-06-08,
US1SDFR0001,2018-06-09,
US1SDFR0001,2018-06-10,
US1SDFR0001,2018-06-11,
US1SDFR0001,2018-06-12,
US1SDFR0001,2018-06-13,
US1SDFR0001,2018-06-14,
US1SDFR0001,2018-06-15,
US1SDFR0001,2018-06-16,
US1SDFR0001,2018-06-17,
US1SDFR0001,2018-06-18,
US1SDFR0001,2018-06-19,
US1SDFR0001,2018-06-20,
US1SDFR0001,2018-06-21,
US1SDFR0001,2018-06-22,
US1SDFR0001,2018-06-23,
US1SDFR0001,2018-06-24,
US1SDFR0001,2018-06-25,
US1SDFR0001,2018-06-26,
US1SDFR0001,2018-06-27,
US1SDFR0001,2018-06-28,
US1SDFR0001,2018-06-29,
US1SDFR0001,2018-06-30,
