sta,date,prcp
COT,1959-01-15,135
COT,1960-01-15,161
COT,1961-01-15,20
COT,1962-01-15,53
COT,1963-01-15,97
COT,1964-01-15,35
COT,1965-01-15,89
COT,1966-01-15,56
COT,1967-01-15,61
COT,1968-01-15,79
COT,1969-01-15,44
COT,1970-01-15,122
COT,1971-01-15,152
COT,1972-01-15,30
COT,1973-01-15,77
COT,1974-01-15,16
COT,1975-01-15,365
COT,1976-01-15,81
COT,1977-01-15,75
COT,1978-01-15,0
COT,1979-01-15,87
COT,1980-01-15,21
COT,1981-01-15,11
COT,1982-01-15,110
COT,1983-01-15,31
COT,1984-01-15,5
COT,1985-01-15,149
COT,1986-01-15,134
COT,1987-01-15,23
COT,1988-01-15,92
COT,1989-01-15,21
COT,1990-01-15,18
COT,1991-01-15,44
COT,1992-01-15,219
COT,1993-01-15,89
COT,1994-01-15,87
COT,1995-01-15,62
COT,1996-01-15,204
COT,1997-01-15,325
COT,1998-01-15,87
COT,1999-01-15,170
COT,2000-01-15,130
COT,2001-01-15,173
COT,2002-01-15,56
COT,2003-01-15,84
COT,2004-01-15,79
COT,2005-01-15,111
COT,2006-01-15,81
COT,2007-01-15,11
COT,2008-01-15,67
COT,2009-01-15,98
COT,2010-01-15,79
COT,2011-01-15,113
COT,2012-01-15,59
COT,2013-01-15,223
COT,2014-01-15,15
COT,2015-01-15,0
COT,2016-01-15,31
COT,2017-01-15,224
COT,2018-01-15,86
COT,1959-02-15,236
COT,1960-02-15,139
COT,1961-02-15,33
COT,1962-02-15,154
COT,1963-02-15,54
COT,1964-02-15,12
COT,1965-02-15,11
COT,1966-02-15,114
COT,1967-02-15,57
COT,1968-02-15,34
COT,1969-02-15,267
COT,1970-02-15,97
COT,1971-02-15,203
COT,1972-02-15,94
COT,1973-02-15,26
COT,1974-02-15,39
COT,1975-02-15,86
COT,1976-02-15,85
COT,1977-02-15,48
COT,1978-02-15,186
COT,1979-02-15,150
COT,1980-02-15,76
COT,1981-02-15,15
COT,1982-02-15,28
COT,1983-02-15,8
COT,1984-02-15,33
COT,1985-02-15,3
COT,1986-02-15,168
COT,1987-02-15,620
COT,1988-02-15,206
COT,1989-02-15,115
COT,1990-02-15,53
COT,1991-02-15,346
COT,1992-02-15,199
COT,1993-02-15,279
COT,1994-02-15,145
COT,1995-02-15,222
COT,1996-02-15,36
COT,1997-02-15,181
COT,1998-02-15,138
COT,1999-02-15,36
COT,2000-02-15,173
COT,2001-02-15,297
COT,2002-02-15,48
COT,2003-02-15,173
COT,2004-02-15,29
COT,2005-02-15,13
COT,2006-02-15,98
COT,2007-02-15,145
COT,2008-02-15,121
COT,2009-02-15,297
COT,2010-02-15,102
COT,2011-02-15,383
COT,2012-02-15,125
COT,2013-02-15,54
COT,2014-02-15,57
COT,2015-02-15,46
COT,2016-02-15,48
COT,2017-02-15,77
COT,2018-02-15,237
COT,1959-03-15,86
COT,1960-03-15,205
COT,1961-03-15,285
COT,1962-03-15,216
COT,1963-03-15,116
COT,1964-03-15,151
COT,1965-03-15,128
COT,1966-03-15,275
COT,1967-03-15,115
COT,1968-03-15,28
COT,1969-03-15,98
COT,1970-03-15,124
COT,1971-03-15,139
COT,1972-03-15,97
COT,1973-03-15,861
COT,1974-03-15,122
COT,1975-03-15,446
COT,1976-03-15,77
COT,1977-03-15,882
COT,1978-03-15,46
COT,1979-03-15,135
COT,1980-03-15,239
COT,1981-03-15,36
COT,1982-03-15,463
COT,1983-03-15,304
COT,1984-03-15,106
COT,1985-03-15,309
COT,1986-03-15,463
COT,1987-03-15,499
COT,1988-03-15,229
COT,1989-03-15,361
COT,1990-03-15,411
COT,1991-03-15,67
COT,1992-03-15,422
COT,1993-03-15,77
COT,1994-03-15,67
COT,1995-03-15,330
COT,1996-03-15,227
COT,1997-03-15,127
COT,1998-03-15,693
COT,1999-03-15,191
COT,2000-03-15,351
COT,2001-03-15,126
COT,2002-03-15,323
COT,2003-03-15,358
COT,2004-03-15,311
COT,2005-03-15,285
COT,2006-03-15,457
COT,2007-03-15,465
COT,2008-03-15,150
COT,2009-03-15,415
COT,2010-03-15,274
COT,2011-03-15,112
COT,2012-03-15,5
COT,2013-03-15,142
COT,2014-03-15,69
COT,2015-03-15,25
COT,2016-03-15,387
COT,2017-03-15,194
COT,2018-03-15,381
COT,1959-04-15,285
COT,1960-04-15,345
COT,1961-04-15,95
COT,1962-04-15,111
COT,1963-04-15,375
COT,1964-04-15,912
COT,1965-04-15,472
COT,1966-04-15,405
COT,1967-04-15,983
COT,1968-04-15,545
COT,1969-04-15,542
COT,1970-04-15,790
COT,1971-04-15,1016
COT,1972-04-15,176
COT,1973-04-15,531
COT,1974-04-15,570
COT,1975-04-15,547
COT,1976-04-15,626
COT,1977-04-15,407
COT,1978-04-15,695
COT,1979-04-15,246
COT,1980-04-15,259
COT,1981-04-15,44
COT,1982-04-15,140
COT,1983-04-15,275
COT,1984-04-15,569
COT,1985-04-15,200
COT,1986-04-15,1380
COT,1987-04-15,105
COT,1988-04-15,157
COT,1989-04-15,295
COT,1990-04-15,150
COT,1991-04-15,593
COT,1992-04-15,237
COT,1993-04-15,473
COT,1994-04-15,455
COT,1995-04-15,482
COT,1996-04-15,325
COT,1997-04-15,687
COT,1998-04-15,60
COT,1999-04-15,633
COT,2000-04-15,912
COT,2001-04-15,711
COT,2002-04-15,275
COT,2003-04-15,513
COT,2004-04-15,70
COT,2005-04-15,803
COT,2006-04-15,523
COT,2007-04-15,373
COT,2008-04-15,350
COT,2009-04-15,528
COT,2010-04-15,766
COT,2011-04-15,450
COT,2012-04-15,521
COT,2013-04-15,735
COT,2014-04-15,315
COT,2015-04-15,203
COT,2016-04-15,793
COT,2017-04-15,586
COT,2018-04-15,537
COT,1959-05-15,1109
COT,1960-05-15,788
COT,1961-05-15,865
COT,1962-05-15,1144
COT,1963-05-15,1415
COT,1964-05-15,648
COT,1965-05-15,1372
COT,1966-05-15,142
COT,1967-05-15,575
COT,1968-05-15,427
COT,1969-05-15,1001
COT,1970-05-15,270
COT,1971-05-15,1133
COT,1972-05-15,1356
COT,1973-05-15,790
COT,1974-05-15,1017
COT,1975-05-15,420
COT,1976-05-15,483
COT,1977-05-15,1108
COT,1978-05-15,787
COT,1979-05-15,276
COT,1980-05-15,124
COT,1981-05-15,637
COT,1982-05-15,1825
COT,1983-05-15,1057
COT,1984-05-15,802
COT,1985-05-15,183
COT,1986-05-15,575
COT,1987-05-15,920
COT,1988-05-15,747
COT,1989-05-15,359
COT,1990-05-15,745
COT,1991-05-15,1734
COT,1992-05-15,292
COT,1993-05-15,678
COT,1994-05-15,212
COT,1995-05-15,1324
COT,1996-05-15,1297
COT,1997-05-15,849
COT,1998-05-15,773
COT,1999-05-15,607
COT,2000-05-15,258
COT,2001-05-15,423
COT,2002-05-15,495
COT,2003-05-15,407
COT,2004-05-15,420
COT,2005-05-15,1046
COT,2006-05-15,125
COT,2007-05-15,587
COT,2008-05-15,1411
COT,2009-05-15,80
COT,2010-05-15,715
COT,2011-05-15,1294
COT,2012-05-15,328
COT,2013-05-15,864
COT,2014-05-15,592
COT,2015-05-15,1752
COT,2016-05-15,239
COT,2017-05-15,275
COT,2018-05-15,867
COT,1959-06-15,761
COT,1960-06-15,791
COT,1961-06-15,1039
COT,1962-06-15,655
COT,1963-06-15,1094
COT,1964-06-15,1326
COT,1965-06-15,873
COT,1966-06-15,365
COT,1967-06-15,2406
COT,1968-06-15,1682
COT,1969-06-15,730
COT,1970-06-15,276
COT,1971-06-15,451
COT,1972-06-15,523
COT,1973-06-15,286
COT,1974-06-15,164
COT,1975-06-15,625
COT,1976-06-15,503
COT,1977-06-15,243
COT,1978-06-15,236
COT,1979-06-15,1585
COT,1980-06-15,738
COT,1981-06-15,1161
COT,1982-06-15,655
COT,1983-06-15,563
COT,1984-06-15,1669
COT,1985-06-15,495
COT,1986-06-15,977
COT,1987-06-15,338
COT,1988-06-15,1040
COT,1989-06-15,233
COT,1990-06-15,476
COT,1991-06-15,1487
COT,1992-06-15,1457
COT,1993-06-15,1200
COT,1994-06-15,487
COT,1995-06-15,683
COT,1996-06-15,294
COT,1997-06-15,1604
COT,1998-06-15,869
COT,1999-06-15,1029
COT,2000-06-15,535
COT,2001-06-15,560
COT,2002-06-15,89
COT,2003-06-15,415
COT,2004-06-15,478
COT,2005-06-15,638
COT,2006-06-15,236
COT,2007-06-15,406
COT,2008-06-15,976
COT,2009-06-15,540
COT,2010-06-15,1014
COT,2011-06-15,1580
COT,2012-06-15,1149
COT,2013-06-15,579
COT,2014-06-15,1045
COT,2015-06-15,1725
COT,2016-06-15,268
COT,2017-06-15,799
COT,2018-06-15,1131
COT,1959-07-15,178
COT,1960-07-15,586
COT,1961-07-15,505
COT,1962-07-15,752
COT,1963-07-15,579
COT,1964-07-15,221
COT,1965-07-15,281
COT,1966-07-15,436
COT,1967-07-15,97
COT,1968-07-15,260
COT,1969-07-15,1234
COT,1970-07-15,837
COT,1971-07-15,84
COT,1972-07-15,970
COT,1973-07-15,355
COT,1974-07-15,841
COT,1975-07-15,444
COT,1976-07-15,735
COT,1977-07-15,503
COT,1978-07-15,602
COT,1979-07-15,890
COT,1980-07-15,510
COT,1981-07-15,1140
COT,1982-07-15,791
COT,1983-07-15,331
COT,1984-07-15,344
COT,1985-07-15,481
COT,1986-07-15,491
COT,1987-07-15,404
COT,1988-07-15,397
COT,1989-07-15,272
COT,1990-07-15,719
COT,1991-07-15,56
COT,1992-07-15,1060
COT,1993-07-15,1157
COT,1994-07-15,520
COT,1995-07-15,300
COT,1996-07-15,502
COT,1997-07-15,1638
COT,1998-07-15,586
COT,1999-07-15,129
COT,2000-07-15,411
COT,2001-07-15,1166
COT,2002-07-15,233
COT,2003-07-15,113
COT,2004-07-15,328
COT,2005-07-15,304
COT,2006-07-15,147
COT,2007-07-15,145
COT,2008-07-15,998
COT,2009-07-15,730
COT,2010-07-15,1019
COT,2011-07-15,888
COT,2012-07-15,198
COT,2013-07-15,199
COT,2014-07-15,206
COT,2015-07-15,244
COT,2016-07-15,795
COT,2017-07-15,404
COT,2018-07-15,165
COT,1959-08-15,21
COT,1960-08-15,406
COT,1961-08-15,216
COT,1962-08-15,168
COT,1963-08-15,73
COT,1964-08-15,346
COT,1965-08-15,329
COT,1966-08-15,615
COT,1967-08-15,133
COT,1968-08-15,584
COT,1969-08-15,176
COT,1970-08-15,305
COT,1971-08-15,1175
COT,1972-08-15,339
COT,1973-08-15,144
COT,1974-08-15,514
COT,1975-08-15,173
COT,1976-08-15,178
COT,1977-08-15,441
COT,1978-08-15,792
COT,1979-08-15,517
COT,1980-08-15,428
COT,1981-08-15,758
COT,1982-08-15,393
COT,1983-08-15,216
COT,1984-08-15,259
COT,1985-08-15,403
COT,1986-08-15,710
COT,1987-08-15,239
COT,1988-08-15,288
COT,1989-08-15,48
COT,1990-08-15,219
COT,1991-08-15,368
COT,1992-08-15,257
COT,1993-08-15,354
COT,1994-08-15,770
COT,1995-08-15,29
COT,1996-08-15,251
COT,1997-08-15,506
COT,1998-08-15,948
COT,1999-08-15,534
COT,2000-08-15,71
COT,2001-08-15,277
COT,2002-08-15,463
COT,2003-08-15,67
COT,2004-08-15,167
COT,2005-08-15,199
COT,2006-08-15,607
COT,2007-08-15,594
COT,2008-08-15,475
COT,2009-08-15,301
COT,2010-08-15,275
COT,2011-08-15,656
COT,2012-08-15,355
COT,2013-08-15,767
COT,2014-08-15,716
COT,2015-08-15,774
COT,2016-08-15,628
COT,2017-08-15,94
COT,2018-08-15,229
COT,1959-09-15,823
COT,1960-09-15,142
COT,1961-09-15,623
COT,1962-09-15,58
COT,1963-09-15,274
COT,1964-09-15,43
COT,1965-09-15,380
COT,1966-09-15,821
COT,1967-09-15,440
COT,1968-09-15,152
COT,1969-09-15,317
COT,1970-09-15,502
COT,1971-09-15,904
COT,1972-09-15,91
COT,1973-09-15,587
COT,1974-09-15,130
COT,1975-09-15,0
COT,1976-09-15,31
COT,1977-09-15,452
COT,1978-09-15,117
COT,1979-09-15,8
COT,1980-09-15,153
COT,1981-09-15,31
COT,1982-09-15,414
COT,1983-09-15,77
COT,1984-09-15,113
COT,1985-09-15,365
COT,1986-09-15,718
COT,1987-09-15,96
COT,1988-09-15,143
COT,1989-09-15,884
COT,1990-09-15,140
COT,1991-09-15,194
COT,1992-09-15,107
COT,1993-09-15,457
COT,1994-09-15,175
COT,1995-09-15,211
COT,1996-09-15,794
COT,1997-09-15,170
COT,1998-09-15,216
COT,1999-09-15,628
COT,2000-09-15,52
COT,2001-09-15,247
COT,2002-09-15,880
COT,2003-09-15,227
COT,2004-09-15,1005
COT,2005-09-15,303
COT,2006-09-15,571
COT,2007-09-15,292
COT,2008-09-15,149
COT,2009-09-15,80
COT,2010-09-15,300
COT,2011-09-15,211
COT,2012-09-15,0
COT,2013-09-15,134
COT,2014-09-15,533
COT,2015-09-15,229
COT,2016-09-15,29
COT,2017-09-15,315
COT,2018-09-15,247
COT,1958-10-15,25
COT,1959-10-15,28
COT,1960-10-15,0
COT,1961-10-15,208
COT,1962-10-15,456
COT,1963-10-15,250
COT,1964-10-15,0
COT,1965-10-15,160
COT,1966-10-15,206
COT,1967-10-15,79
COT,1968-10-15,18
COT,1969-10-15,516
COT,1970-10-15,185
COT,1971-10-15,1042
COT,1972-10-15,143
COT,1973-10-15,429
COT,1974-10-15,201
COT,1975-10-15,125
COT,1976-10-15,58
COT,1977-10-15,478
COT,1978-10-15,50
COT,1979-10-15,416
COT,1980-10-15,640
COT,1981-10-15,416
COT,1982-10-15,997
COT,1983-10-15,460
COT,1984-10-15,13
COT,1985-10-15,308
COT,1986-10-15,374
COT,1987-10-15,68
COT,1988-10-15,140
COT,1989-10-15,242
COT,1990-10-15,83
COT,1991-10-15,380
COT,1992-10-15,5
COT,1993-10-15,97
COT,1994-10-15,488
COT,1995-10-15,627
COT,1996-10-15,691
COT,1997-10-15,469
COT,1998-10-15,895
COT,1999-10-15,36
COT,2000-10-15,335
COT,2001-10-15,168
COT,2002-10-15,314
COT,2003-10-15,168
COT,2004-10-15,420
COT,2005-10-15,163
COT,2006-10-15,134
COT,2007-10-15,442
COT,2008-10-15,289
COT,2009-10-15,990
COT,2010-10-15,328
COT,2011-10-15,120
COT,2012-10-15,226
COT,2013-10-15,1759
COT,2014-10-15,79
COT,2015-10-15,366
COT,2016-10-15,80
COT,2017-10-15,247
COT,2018-10-15,303
COT,1958-11-15,25
COT,1959-11-15,279
COT,1960-11-15,140
COT,1961-11-15,33
COT,1962-11-15,13
COT,1963-11-15,30
COT,1964-11-15,36
COT,1965-11-15,158
COT,1966-11-15,68
COT,1967-11-15,53
COT,1968-11-15,102
COT,1969-11-15,42
COT,1970-11-15,237
COT,1971-11-15,277
COT,1972-11-15,114
COT,1973-11-15,124
COT,1974-11-15,30
COT,1975-11-15,96
COT,1976-11-15,25
COT,1977-11-15,341
COT,1978-11-15,150
COT,1979-11-15,18
COT,1980-11-15,165
COT,1981-11-15,33
COT,1982-11-15,0
COT,1983-11-15,371
COT,1984-11-15,158
COT,1985-11-15,415
COT,1986-11-15,186
COT,1987-11-15,51
COT,1988-11-15,153
COT,1989-11-15,295
COT,1990-11-15,143
COT,1991-11-15,136
COT,1992-11-15,367
COT,1993-11-15,259
COT,1994-11-15,107
COT,1995-11-15,156
COT,1996-11-15,140
COT,1997-11-15,72
COT,1998-11-15,222
COT,1999-11-15,58
COT,2000-11-15,293
COT,2001-11-15,181
COT,2002-11-15,6
COT,2003-11-15,168
COT,2004-11-15,24
COT,2005-11-15,73
COT,2006-11-15,110
COT,2007-11-15,6
COT,2008-11-15,521
COT,2009-11-15,38
COT,2010-11-15,150
COT,2011-11-15,94
COT,2012-11-15,43
COT,2013-11-15,79
COT,2014-11-15,134
COT,2015-11-15,201
COT,2016-11-15,41
COT,2017-11-15,28
COT,1958-12-15,92
COT,1959-12-15,5
COT,1960-12-15,68
COT,1961-12-15,100
COT,1962-12-15,11
COT,1963-12-15,58
COT,1964-12-15,150
COT,1965-12-15,155
COT,1966-12-15,122
COT,1967-12-15,132
COT,1968-12-15,121
COT,1969-12-15,127
COT,1970-12-15,72
COT,1971-12-15,84
COT,1972-12-15,54
COT,1973-12-15,48
COT,1974-12-15,9
COT,1975-12-15,139
COT,1976-12-15,64
COT,1977-12-15,179
COT,1978-12-15,53
COT,1979-12-15,0
COT,1980-12-15,302
COT,1981-12-15,77
COT,1982-12-15,86
COT,1983-12-15,122
COT,1984-12-15,97
COT,1985-12-15,119
COT,1986-12-15,0
COT,1987-12-15,112
COT,1988-12-15,130
COT,1989-12-15,137
COT,1990-12-15,112
COT,1991-12-15,18
COT,1992-12-15,56
COT,1993-12-15,142
COT,1994-12-15,64
COT,1995-12-15,26
COT,1996-12-15,278
COT,1997-12-15,16
COT,1998-12-15,38
COT,1999-12-15,34
COT,2000-12-15,146
COT,2001-12-15,0
COT,2002-12-15,36
COT,2003-12-15,22
COT,2004-12-15,11
COT,2005-12-15,222
COT,2006-12-15,89
COT,2007-12-15,104
COT,2008-12-15,209
COT,2009-12-15,259
COT,2010-12-15,119
COT,2011-12-15,38
COT,2012-12-15,42
COT,2013-12-15,196
COT,2014-12-15,103
COT,2015-12-15,374
COT,2016-12-15,172
COT,2017-12-15,74
GOR,1959-01-15,92
GOR,1960-01-15,129
GOR,1961-01-15,0
GOR,1962-01-15,29
GOR,1963-01-15,129
GOR,1964-01-15,5
GOR,1965-01-15,125
GOR,1966-01-15,59
GOR,1967-01-15,18
GOR,1968-01-15,76
GOR,1969-01-15,102
GOR,1970-01-15,43
GOR,1971-01-15,129
GOR,1972-01-15,76
GOR,1973-01-15,221
GOR,1974-01-15,130
GOR,1975-01-15,38
GOR,1976-01-15,96
GOR,1977-01-15,59
GOR,1978-01-15,16
GOR,1979-01-15,98
GOR,1980-01-15,125
GOR,1981-01-15,22
GOR,1982-01-15,107
GOR,1983-01-15,56
GOR,1984-01-15,61
GOR,1985-01-15,64
GOR,1986-01-15,38
GOR,1987-01-15,38
GOR,1988-01-15,258
GOR,1989-01-15,0
GOR,1990-01-15,13
GOR,1991-01-15,95
GOR,1992-01-15,198
GOR,1993-01-15,211
GOR,1994-01-15,124
GOR,1995-01-15,76
GOR,1996-01-15,168
GOR,1997-01-15,241
GOR,1998-01-15,45
GOR,1999-01-15,57
GOR,2000-01-15,182
GOR,2001-01-15,318
GOR,2002-01-15,0
GOR,2003-01-15,117
GOR,2004-01-15,76
GOR,2005-01-15,97
GOR,2006-01-15,146
GOR,2007-01-15,20
GOR,2008-01-15,71
GOR,2009-01-15,100
GOR,2010-01-15,142
GOR,2011-01-15,319
GOR,2012-01-15,129
GOR,2013-01-15,141
GOR,2014-01-15,41
GOR,2015-01-15,36
GOR,2016-01-15,51
GOR,2017-01-15,376
GOR,2018-01-15,130
GOR,1959-02-15,53
GOR,1960-02-15,175
GOR,1961-02-15,57
GOR,1962-02-15,268
GOR,1963-02-15,41
GOR,1964-02-15,104
GOR,1965-02-15,148
GOR,1966-02-15,155
GOR,1967-02-15,15
GOR,1968-02-15,66
GOR,1969-02-15,105
GOR,1970-02-15,43
GOR,1971-02-15,95
GOR,1972-02-15,5
GOR,1973-02-15,74
GOR,1974-02-15,56
GOR,1975-02-15,46
GOR,1976-02-15,23
GOR,1977-02-15,151
GOR,1978-02-15,180
GOR,1979-02-15,36
GOR,1980-02-15,111
GOR,1981-02-15,18
GOR,1982-02-15,13
GOR,1983-02-15,5
GOR,1984-02-15,32
GOR,1985-02-15,8
GOR,1986-02-15,254
GOR,1987-02-15,445
GOR,1988-02-15,104
GOR,1989-02-15,167
GOR,1990-02-15,204
GOR,1991-02-15,140
GOR,1992-02-15,127
GOR,1993-02-15,358
GOR,1994-02-15,129
GOR,1995-02-15,160
GOR,1996-02-15,0
GOR,1997-02-15,140
GOR,1998-02-15,242
GOR,1999-02-15,121
GOR,2000-02-15,247
GOR,2001-02-15,157
GOR,2002-02-15,0
GOR,2003-02-15,49
GOR,2004-02-15,51
GOR,2005-02-15,11
GOR,2006-02-15,94
GOR,2007-02-15,117
GOR,2008-02-15,116
GOR,2009-02-15,303
GOR,2010-02-15,183
GOR,2011-02-15,210
GOR,2012-02-15,254
GOR,2013-02-15,238
GOR,2014-02-15,161
GOR,2015-02-15,105
GOR,2016-02-15,84
GOR,2017-02-15,274
GOR,2018-02-15,243
GOR,1959-03-15,266
GOR,1960-03-15,61
GOR,1961-03-15,135
GOR,1962-03-15,113
GOR,1963-03-15,175
GOR,1964-03-15,89
GOR,1965-03-15,104
GOR,1966-03-15,247
GOR,1967-03-15,138
GOR,1968-03-15,170
GOR,1969-03-15,91
GOR,1970-03-15,263
GOR,1971-03-15,167
GOR,1972-03-15,69
GOR,1973-03-15,605
GOR,1974-03-15,69
GOR,1975-03-15,564
GOR,1976-03-15,155
GOR,1977-03-15,1055
GOR,1978-03-15,26
GOR,1979-03-15,417
GOR,1980-03-15,122
GOR,1981-03-15,84
GOR,1982-03-15,179
GOR,1983-03-15,203
GOR,1984-03-15,88
GOR,1985-03-15,96
GOR,1986-03-15,331
GOR,1987-03-15,855
GOR,1988-03-15,415
GOR,1989-03-15,183
GOR,1990-03-15,538
GOR,1991-03-15,49
GOR,1992-03-15,396
GOR,1993-03-15,504
GOR,1994-03-15,183
GOR,1995-03-15,214
GOR,1996-03-15,160
GOR,1997-03-15,139
GOR,1998-03-15,318
GOR,1999-03-15,123
GOR,2000-03-15,799
GOR,2001-03-15,218
GOR,2002-03-15,213
GOR,2003-03-15,443
GOR,2004-03-15,291
GOR,2005-03-15,247
GOR,2006-03-15,434
GOR,2007-03-15,482
GOR,2008-03-15,192
GOR,2009-03-15,470
GOR,2010-03-15,419
GOR,2011-03-15,292
GOR,2012-03-15,82
GOR,2013-03-15,175
GOR,2014-03-15,100
GOR,2015-03-15,41
GOR,2016-03-15,371
GOR,2017-03-15,450
GOR,2018-03-15,440
GOR,1959-04-15,191
GOR,1960-04-15,551
GOR,1961-04-15,161
GOR,1962-04-15,137
GOR,1963-04-15,425
GOR,1964-04-15,923
GOR,1965-04-15,272
GOR,1966-04-15,460
GOR,1967-04-15,258
GOR,1968-04-15,443
GOR,1969-04-15,301
GOR,1970-04-15,772
GOR,1971-04-15,852
GOR,1972-04-15,1052
GOR,1973-04-15,627
GOR,1974-04-15,491
GOR,1975-04-15,328
GOR,1976-04-15,563
GOR,1977-04-15,1133
GOR,1978-04-15,1031
GOR,1979-04-15,503
GOR,1980-04-15,69
GOR,1981-04-15,268
GOR,1982-04-15,40
GOR,1983-04-15,555
GOR,1984-04-15,596
GOR,1985-04-15,151
GOR,1986-04-15,973
GOR,1987-04-15,213
GOR,1988-04-15,356
GOR,1989-04-15,188
GOR,1990-04-15,661
GOR,1991-04-15,571
GOR,1992-04-15,46
GOR,1993-04-15,637
GOR,1994-04-15,225
GOR,1995-04-15,668
GOR,1996-04-15,478
GOR,1997-04-15,771
GOR,1998-04-15,99
GOR,1999-04-15,935
GOR,2000-04-15,938
GOR,2001-04-15,885
GOR,2002-04-15,274
GOR,2003-04-15,475
GOR,2004-04-15,211
GOR,2005-04-15,693
GOR,2006-04-15,602
GOR,2007-04-15,460
GOR,2008-04-15,368
GOR,2009-04-15,731
GOR,2010-04-15,973
GOR,2011-04-15,494
GOR,2012-04-15,682
GOR,2013-04-15,582
GOR,2014-04-15,709
GOR,2015-04-15,718
GOR,2016-04-15,1117
GOR,2017-04-15,606
GOR,2018-04-15,600
GOR,1959-05-15,923
GOR,1960-05-15,1080
GOR,1961-05-15,1336
GOR,1962-05-15,1765
GOR,1963-05-15,527
GOR,1964-05-15,482
GOR,1965-05-15,1229
GOR,1966-05-15,208
GOR,1967-05-15,470
GOR,1968-05-15,711
GOR,1969-05-15,331
GOR,1970-05-15,476
GOR,1971-05-15,894
GOR,1972-05-15,791
GOR,1973-05-15,689
GOR,1974-05-15,318
GOR,1975-05-15,631
GOR,1976-05-15,398
GOR,1977-05-15,1251
GOR,1978-05-15,609
GOR,1979-05-15,595
GOR,1980-05-15,740
GOR,1981-05-15,988
GOR,1982-05-15,1414
GOR,1983-05-15,1038
GOR,1984-05-15,440
GOR,1985-05-15,520
GOR,1986-05-15,782
GOR,1987-05-15,812
GOR,1988-05-15,1391
GOR,1989-05-15,562
GOR,1990-05-15,902
GOR,1991-05-15,603
GOR,1992-05-15,106
GOR,1993-05-15,422
GOR,1994-05-15,535
GOR,1995-05-15,1303
GOR,1996-05-15,1212
GOR,1997-05-15,772
GOR,1998-05-15,858
GOR,1999-05-15,655
GOR,2000-05-15,1227
GOR,2001-05-15,410
GOR,2002-05-15,648
GOR,2003-05-15,795
GOR,2004-05-15,532
GOR,2005-05-15,983
GOR,2006-05-15,247
GOR,2007-05-15,824
GOR,2008-05-15,914
GOR,2009-05-15,297
GOR,2010-05-15,664
GOR,2011-05-15,1766
GOR,2012-05-15,254
GOR,2013-05-15,1161
GOR,2014-05-15,1151
GOR,2015-05-15,1868
GOR,2016-05-15,461
GOR,2017-05-15,1125
GOR,2018-05-15,665
GOR,1959-06-15,904
GOR,1960-06-15,391
GOR,1961-06-15,325
GOR,1962-06-15,1495
GOR,1963-06-15,1491
GOR,1964-06-15,1417
GOR,1965-06-15,1187
GOR,1966-06-15,919
GOR,1967-06-15,2067
GOR,1968-06-15,1276
GOR,1969-06-15,678
GOR,1970-06-15,774
GOR,1971-06-15,566
GOR,1972-06-15,1126
GOR,1973-06-15,302
GOR,1974-06-15,172
GOR,1975-06-15,1158
GOR,1976-06-15,244
GOR,1977-06-15,577
GOR,1978-06-15,319
GOR,1979-06-15,921
GOR,1980-06-15,762
GOR,1981-06-15,254
GOR,1982-06-15,1168
GOR,1983-06-15,840
GOR,1984-06-15,459
GOR,1985-06-15,331
GOR,1986-06-15,799
GOR,1987-06-15,531
GOR,1988-06-15,608
GOR,1989-06-15,256
GOR,1990-06-15,732
GOR,1991-06-15,1412
GOR,1992-06-15,1328
GOR,1993-06-15,1537
GOR,1994-06-15,409
GOR,1995-06-15,1656
GOR,1996-06-15,427
GOR,1997-06-15,1280
GOR,1998-06-15,1274
GOR,1999-06-15,1210
GOR,2000-06-15,388
GOR,2001-06-15,1451
GOR,2002-06-15,156
GOR,2003-06-15,1529
GOR,2004-06-15,431
GOR,2005-06-15,1530
GOR,2006-06-15,810
GOR,2007-06-15,184
GOR,2008-06-15,858
GOR,2009-06-15,1095
GOR,2010-06-15,1316
GOR,2011-06-15,1531
GOR,2012-06-15,420
GOR,2013-06-15,832
GOR,2014-06-15,1099
GOR,2015-06-15,1241
GOR,2016-06-15,282
GOR,2017-06-15,701
GOR,2018-06-15,1358
GOR,1959-07-15,105
GOR,1960-07-15,280
GOR,1961-07-15,402
GOR,1962-07-15,1068
GOR,1963-07-15,695
GOR,1964-07-15,800
GOR,1965-07-15,958
GOR,1966-07-15,489
GOR,1967-07-15,1560
GOR,1968-07-15,248
GOR,1969-07-15,1203
GOR,1970-07-15,221
GOR,1971-07-15,186
GOR,1972-07-15,1109
GOR,1973-07-15,759
GOR,1974-07-15,209
GOR,1975-07-15,473
GOR,1976-07-15,1199
GOR,1977-07-15,388
GOR,1978-07-15,670
GOR,1979-07-15,914
GOR,1980-07-15,367
GOR,1981-07-15,1288
GOR,1982-07-15,556
GOR,1983-07-15,929
GOR,1984-07-15,2053
GOR,1985-07-15,1296
GOR,1986-07-15,650
GOR,1987-07-15,2223
GOR,1988-07-15,858
GOR,1989-07-15,263
GOR,1990-07-15,595
GOR,1991-07-15,586
GOR,1992-07-15,1057
GOR,1993-07-15,936
GOR,1994-07-15,638
GOR,1995-07-15,797
GOR,1996-07-15,381
GOR,1997-07-15,1392
GOR,1998-07-15,1159
GOR,1999-07-15,1345
GOR,2000-07-15,258
GOR,2001-07-15,1092
GOR,2002-07-15,135
GOR,2003-07-15,51
GOR,2004-07-15,783
GOR,2005-07-15,228
GOR,2006-07-15,376
GOR,2007-07-15,143
GOR,2008-07-15,855
GOR,2009-07-15,283
GOR,2010-07-15,971
GOR,2011-07-15,623
GOR,2012-07-15,265
GOR,2013-07-15,434
GOR,2014-07-15,544
GOR,2015-07-15,661
GOR,2016-07-15,780
GOR,2017-07-15,605
GOR,2018-07-15,953
GOR,1959-08-15,114
GOR,1960-08-15,683
GOR,1961-08-15,452
GOR,1962-08-15,254
GOR,1963-08-15,485
GOR,1964-08-15,488
GOR,1965-08-15,467
GOR,1966-08-15,1168
GOR,1967-08-15,92
GOR,1968-08-15,1178
GOR,1969-08-15,196
GOR,1970-08-15,8
GOR,1971-08-15,124
GOR,1972-08-15,209
GOR,1973-08-15,384
GOR,1974-08-15,627
GOR,1975-08-15,232
GOR,1976-08-15,94
GOR,1977-08-15,1089
GOR,1978-08-15,940
GOR,1979-08-15,524
GOR,1980-08-15,533
GOR,1981-08-15,401
GOR,1982-08-15,540
GOR,1983-08-15,178
GOR,1984-08-15,269
GOR,1985-08-15,1455
GOR,1986-08-15,497
GOR,1987-08-15,417
GOR,1988-08-15,111
GOR,1989-08-15,539
GOR,1990-08-15,529
GOR,1991-08-15,477
GOR,1992-08-15,515
GOR,1993-08-15,325
GOR,1994-08-15,99
GOR,1995-08-15,218
GOR,1996-08-15,591
GOR,1997-08-15,465
GOR,1998-08-15,405
GOR,1999-08-15,262
GOR,2000-08-15,155
GOR,2001-08-15,158
GOR,2002-08-15,520
GOR,2003-08-15,364
GOR,2004-08-15,399
GOR,2005-08-15,610
GOR,2006-08-15,746
GOR,2007-08-15,500
GOR,2008-08-15,716
GOR,2009-08-15,892
GOR,2010-08-15,313
GOR,2011-08-15,628
GOR,2012-08-15,127
GOR,2013-08-15,1394
GOR,2014-08-15,622
GOR,2015-08-15,460
GOR,2016-08-15,361
GOR,2017-08-15,548
GOR,2018-08-15,203
GOR,1959-09-15,562
GOR,1960-09-15,94
GOR,1961-09-15,364
GOR,1962-09-15,97
GOR,1963-09-15,558
GOR,1964-09-15,196
GOR,1965-09-15,897
GOR,1966-09-15,327
GOR,1967-09-15,270
GOR,1968-09-15,188
GOR,1969-09-15,81
GOR,1970-09-15,156
GOR,1971-09-15,567
GOR,1972-09-15,256
GOR,1973-09-15,1175
GOR,1974-09-15,211
GOR,1975-09-15,121
GOR,1976-09-15,62
GOR,1977-09-15,609
GOR,1978-09-15,139
GOR,1979-09-15,79
GOR,1980-09-15,56
GOR,1981-09-15,127
GOR,1982-09-15,410
GOR,1983-09-15,106
GOR,1984-09-15,117
GOR,1985-09-15,953
GOR,1986-09-15,850
GOR,1987-09-15,590
GOR,1988-09-15,422
GOR,1989-09-15,1179
GOR,1990-09-15,282
GOR,1991-09-15,475
GOR,1992-09-15,501
GOR,1993-09-15,756
GOR,1994-09-15,191
GOR,1995-09-15,245
GOR,1996-09-15,694
GOR,1997-09-15,184
GOR,1998-09-15,514
GOR,1999-09-15,532
GOR,2000-09-15,223
GOR,2001-09-15,66
GOR,2002-09-15,907
GOR,2003-09-15,315
GOR,2004-09-15,796
GOR,2005-09-15,85
GOR,2006-09-15,687
GOR,2007-09-15,231
GOR,2008-09-15,657
GOR,2009-09-15,71
GOR,2010-09-15,312
GOR,2011-09-15,305
GOR,2012-09-15,155
GOR,2013-09-15,279
GOR,2014-09-15,800
GOR,2015-09-15,255
GOR,2016-09-15,163
GOR,2017-09-15,439
GOR,2018-09-15,395
GOR,1958-10-15,129
GOR,1959-10-15,254
GOR,1960-10-15,53
GOR,1961-10-15,214
GOR,1962-10-15,208
GOR,1963-10-15,163
GOR,1964-10-15,0
GOR,1965-10-15,361
GOR,1966-10-15,253
GOR,1967-10-15,184
GOR,1968-10-15,132
GOR,1969-10-15,341
GOR,1970-10-15,267
GOR,1971-10-15,425
GOR,1972-10-15,64
GOR,1973-10-15,204
GOR,1974-10-15,59
GOR,1975-10-15,107
GOR,1976-10-15,122
GOR,1977-10-15,209
GOR,1978-10-15,83
GOR,1979-10-15,648
GOR,1980-10-15,206
GOR,1981-10-15,315
GOR,1982-10-15,1143
GOR,1983-10-15,291
GOR,1984-10-15,161
GOR,1985-10-15,119
GOR,1986-10-15,511
GOR,1987-10-15,51
GOR,1988-10-15,61
GOR,1989-10-15,63
GOR,1990-10-15,226
GOR,1991-10-15,259
GOR,1992-10-15,150
GOR,1993-10-15,589
GOR,1994-10-15,785
GOR,1995-10-15,668
GOR,1996-10-15,622
GOR,1997-10-15,535
GOR,1998-10-15,1199
GOR,1999-10-15,61
GOR,2000-10-15,328
GOR,2001-10-15,254
GOR,2002-10-15,299
GOR,2003-10-15,176
GOR,2004-10-15,569
GOR,2005-10-15,198
GOR,2006-10-15,155
GOR,2007-10-15,583
GOR,2008-10-15,299
GOR,2009-10-15,869
GOR,2010-10-15,293
GOR,2011-10-15,488
GOR,2012-10-15,152
GOR,2013-10-15,1088
GOR,2014-10-15,114
GOR,2015-10-15,370
GOR,2016-10-15,140
GOR,2017-10-15,292
GOR,2018-10-15,276
GOR,1958-11-15,16
GOR,1959-11-15,56
GOR,1960-11-15,122
GOR,1961-11-15,28
GOR,1962-11-15,8
GOR,1963-11-15,8
GOR,1964-11-15,13
GOR,1965-11-15,10
GOR,1966-11-15,33
GOR,1967-11-15,61
GOR,1968-11-15,80
GOR,1969-11-15,85
GOR,1970-11-15,74
GOR,1971-11-15,129
GOR,1972-11-15,300
GOR,1973-11-15,217
GOR,1974-11-15,61
GOR,1975-11-15,157
GOR,1976-11-15,43
GOR,1977-11-15,191
GOR,1978-11-15,111
GOR,1979-11-15,31
GOR,1980-11-15,39
GOR,1981-11-15,140
GOR,1982-11-15,255
GOR,1983-11-15,235
GOR,1984-11-15,646
GOR,1985-11-15,634
GOR,1986-11-15,231
GOR,1987-11-15,69
GOR,1988-11-15,104
GOR,1989-11-15,31
GOR,1990-11-15,102
GOR,1991-11-15,294
GOR,1992-11-15,313
GOR,1993-11-15,330
GOR,1994-11-15,104
GOR,1995-11-15,231
GOR,1996-11-15,121
GOR,1997-11-15,99
GOR,1998-11-15,306
GOR,1999-11-15,71
GOR,2000-11-15,275
GOR,2001-11-15,181
GOR,2002-11-15,56
GOR,2003-11-15,188
GOR,2004-11-15,153
GOR,2005-11-15,84
GOR,2006-11-15,92
GOR,2007-11-15,0
GOR,2008-11-15,505
GOR,2009-11-15,138
GOR,2010-11-15,88
GOR,2011-11-15,96
GOR,2012-11-15,180
GOR,2013-11-15,270
GOR,2014-11-15,226
GOR,2015-11-15,214
GOR,2016-11-15,101
GOR,2017-11-15,138
GOR,1958-12-15,61
GOR,1959-12-15,3
GOR,1960-12-15,100
GOR,1961-12-15,67
GOR,1962-12-15,64
GOR,1963-12-15,124
GOR,1964-12-15,130
GOR,1965-12-15,180
GOR,1966-12-15,115
GOR,1967-12-15,244
GOR,1968-12-15,183
GOR,1969-12-15,71
GOR,1970-12-15,62
GOR,1971-12-15,33
GOR,1972-12-15,116
GOR,1973-12-15,179
GOR,1974-12-15,73
GOR,1975-12-15,91
GOR,1976-12-15,8
GOR,1977-12-15,272
GOR,1978-12-15,196
GOR,1979-12-15,10
GOR,1980-12-15,44
GOR,1981-12-15,280
GOR,1982-12-15,58
GOR,1983-12-15,173
GOR,1984-12-15,58
GOR,1985-12-15,91
GOR,1986-12-15,0
GOR,1987-12-15,436
GOR,1988-12-15,144
GOR,1989-12-15,87
GOR,1990-12-15,190
GOR,1991-12-15,0
GOR,1992-12-15,114
GOR,1993-12-15,185
GOR,1994-12-15,117
GOR,1995-12-15,18
GOR,1996-12-15,130
GOR,1997-12-15,72
GOR,1998-12-15,43
GOR,1999-12-15,61
GOR,2000-12-15,102
GOR,2001-12-15,0
GOR,2002-12-15,56
GOR,2003-12-15,120
GOR,2004-12-15,13
GOR,2005-12-15,71
GOR,2006-12-15,114
GOR,2007-12-15,199
GOR,2008-12-15,5
GOR,2009-12-15,235
GOR,2010-12-15,76
GOR,2011-12-15,78
GOR,2012-12-15,121
GOR,2013-12-15,120
GOR,2014-12-15,320
GOR,2015-12-15,353
GOR,2016-12-15,240
GOR,2017-12-15,166
MIS,1959-01-15,28
MIS,1960-01-15,33
MIS,1961-01-15,8
MIS,1962-01-15,44
MIS,1963-01-15,49
MIS,1964-01-15,25
MIS,1965-01-15,51
MIS,1966-01-15,13
MIS,1967-01-15,76
MIS,1968-01-15,96
MIS,1969-01-15,58
MIS,1970-01-15,8
MIS,1971-01-15,33
MIS,1972-01-15,33
MIS,1973-01-15,139
MIS,1974-01-15,10
MIS,1975-01-15,179
MIS,1976-01-15,152
MIS,1977-01-15,68
MIS,1978-01-15,64
MIS,1979-01-15,255
MIS,1980-01-15,20
MIS,1981-01-15,20
MIS,1982-01-15,125
MIS,1983-01-15,5
MIS,1984-01-15,18
MIS,1985-01-15,343
MIS,1986-01-15,129
MIS,1987-01-15,13
MIS,1988-01-15,173
MIS,1989-01-15,0
MIS,1990-01-15,10
MIS,1991-01-15,70
MIS,1992-01-15,221
MIS,1993-01-15,57
MIS,1994-01-15,158
MIS,1995-01-15,21
MIS,1996-01-15,259
MIS,1997-01-15,130
MIS,1998-01-15,51
MIS,1999-01-15,48
MIS,2000-01-15,49
MIS,2001-01-15,234
MIS,2002-01-15,38
MIS,2003-01-15,96
MIS,2004-01-15,23
MIS,2005-01-15,89
MIS,2006-01-15,43
MIS,2007-01-15,46
MIS,2008-01-15,66
MIS,2009-01-15,104
MIS,2010-01-15,107
MIS,2011-01-15,200
MIS,2012-01-15,102
MIS,2013-01-15,78
MIS,2014-01-15,8
MIS,2015-01-15,26
MIS,2016-01-15,134
MIS,2017-01-15,245
MIS,2018-01-15,179
MIS,1959-02-15,38
MIS,1960-02-15,403
MIS,1961-02-15,43
MIS,1962-02-15,335
MIS,1963-02-15,20
MIS,1964-02-15,45
MIS,1965-02-15,10
MIS,1966-02-15,97
MIS,1967-02-15,5
MIS,1968-02-15,156
MIS,1969-02-15,320
MIS,1970-02-15,0
MIS,1971-02-15,216
MIS,1972-02-15,25
MIS,1973-02-15,68
MIS,1974-02-15,53
MIS,1975-02-15,46
MIS,1976-02-15,36
MIS,1977-02-15,294
MIS,1978-02-15,385
MIS,1979-02-15,25
MIS,1980-02-15,102
MIS,1981-02-15,25
MIS,1982-02-15,26
MIS,1983-02-15,0
MIS,1984-02-15,140
MIS,1985-02-15,23
MIS,1986-02-15,102
MIS,1987-02-15,342
MIS,1988-02-15,142
MIS,1989-02-15,104
MIS,1990-02-15,104
MIS,1991-02-15,173
MIS,1992-02-15,194
MIS,1993-02-15,289
MIS,1994-02-15,117
MIS,1995-02-15,132
MIS,1996-02-15,117
MIS,1997-02-15,125
MIS,1998-02-15,171
MIS,1999-02-15,186
MIS,2000-02-15,565
MIS,2001-02-15,186
MIS,2002-02-15,66
MIS,2003-02-15,143
MIS,2004-02-15,76
MIS,2005-02-15,31
MIS,2006-02-15,97
MIS,2007-02-15,284
MIS,2008-02-15,96
MIS,2009-02-15,265
MIS,2010-02-15,49
MIS,2011-02-15,233
MIS,2012-02-15,420
MIS,2013-02-15,237
MIS,2014-02-15,65
MIS,2015-02-15,174
MIS,2016-02-15,43
MIS,2017-02-15,183
MIS,2018-02-15,121
MIS,1959-03-15,208
MIS,1960-03-15,127
MIS,1961-03-15,88
MIS,1962-03-15,202
MIS,1963-03-15,406
MIS,1964-03-15,104
MIS,1965-03-15,5
MIS,1966-03-15,91
MIS,1967-03-15,76
MIS,1968-03-15,177
MIS,1969-03-15,178
MIS,1970-03-15,358
MIS,1971-03-15,77
MIS,1972-03-15,73
MIS,1973-03-15,612
MIS,1974-03-15,239
MIS,1975-03-15,551
MIS,1976-03-15,43
MIS,1977-03-15,1985
MIS,1978-03-15,94
MIS,1979-03-15,289
MIS,1980-03-15,359
MIS,1981-03-15,459
MIS,1982-03-15,280
MIS,1983-03-15,530
MIS,1984-03-15,229
MIS,1985-03-15,206
MIS,1986-03-15,486
MIS,1987-03-15,602
MIS,1988-03-15,346
MIS,1989-03-15,213
MIS,1990-03-15,361
MIS,1991-03-15,280
MIS,1992-03-15,284
MIS,1993-03-15,209
MIS,1994-03-15,116
MIS,1995-03-15,284
MIS,1996-03-15,181
MIS,1997-03-15,29
MIS,1998-03-15,392
MIS,1999-03-15,78
MIS,2000-03-15,125
MIS,2001-03-15,88
MIS,2002-03-15,168
MIS,2003-03-15,335
MIS,2004-03-15,755
MIS,2005-03-15,329
MIS,2006-03-15,371
MIS,2007-03-15,558
MIS,2008-03-15,214
MIS,2009-03-15,446
MIS,2010-03-15,349
MIS,2011-03-15,181
MIS,2012-03-15,99
MIS,2013-03-15,397
MIS,2014-03-15,74
MIS,2015-03-15,28
MIS,2016-03-15,343
MIS,2017-03-15,197
MIS,2018-03-15,334
MIS,1959-04-15,229
MIS,1960-04-15,1059
MIS,1961-04-15,132
MIS,1962-04-15,148
MIS,1963-04-15,746
MIS,1964-04-15,1033
MIS,1965-04-15,138
MIS,1966-04-15,251
MIS,1967-04-15,109
MIS,1968-04-15,1188
MIS,1969-04-15,213
MIS,1970-04-15,1207
MIS,1971-04-15,1212
MIS,1972-04-15,655
MIS,1973-04-15,547
MIS,1974-04-15,518
MIS,1975-04-15,140
MIS,1976-04-15,465
MIS,1977-04-15,467
MIS,1978-04-15,813
MIS,1979-04-15,335
MIS,1980-04-15,129
MIS,1981-04-15,137
MIS,1982-04-15,180
MIS,1983-04-15,553
MIS,1984-04-15,864
MIS,1985-04-15,481
MIS,1986-04-15,1071
MIS,1987-04-15,166
MIS,1988-04-15,427
MIS,1989-04-15,183
MIS,1990-04-15,346
MIS,1991-04-15,693
MIS,1992-04-15,191
MIS,1993-04-15,885
MIS,1994-04-15,585
MIS,1995-04-15,986
MIS,1996-04-15,373
MIS,1997-04-15,1053
MIS,1998-04-15,168
MIS,1999-04-15,956
MIS,2000-04-15,734
MIS,2001-04-15,1578
MIS,2002-04-15,370
MIS,2003-04-15,434
MIS,2004-04-15,160
MIS,2005-04-15,1254
MIS,2006-04-15,721
MIS,2007-04-15,416
MIS,2008-04-15,988
MIS,2009-04-15,928
MIS,2010-04-15,1127
MIS,2011-04-15,390
MIS,2012-04-15,899
MIS,2013-04-15,602
MIS,2014-04-15,479
MIS,2015-04-15,569
MIS,2016-04-15,1002
MIS,2017-04-15,432
MIS,2018-04-15,524
MIS,1959-05-15,525
MIS,1960-05-15,1318
MIS,1961-05-15,959
MIS,1962-05-15,1791
MIS,1963-05-15,437
MIS,1964-05-15,419
MIS,1965-05-15,804
MIS,1966-05-15,145
MIS,1967-05-15,612
MIS,1968-05-15,501
MIS,1969-05-15,729
MIS,1970-05-15,815
MIS,1971-05-15,753
MIS,1972-05-15,927
MIS,1973-05-15,1077
MIS,1974-05-15,642
MIS,1975-05-15,580
MIS,1976-05-15,489
MIS,1977-05-15,1975
MIS,1978-05-15,970
MIS,1979-05-15,737
MIS,1980-05-15,452
MIS,1981-05-15,945
MIS,1982-05-15,1851
MIS,1983-05-15,836
MIS,1984-05-15,696
MIS,1985-05-15,168
MIS,1986-05-15,868
MIS,1987-05-15,949
MIS,1988-05-15,1190
MIS,1989-05-15,256
MIS,1990-05-15,1339
MIS,1991-05-15,1244
MIS,1992-05-15,120
MIS,1993-05-15,381
MIS,1994-05-15,335
MIS,1995-05-15,1830
MIS,1996-05-15,1319
MIS,1997-05-15,654
MIS,1998-05-15,820
MIS,1999-05-15,1468
MIS,2000-05-15,1260
MIS,2001-05-15,747
MIS,2002-05-15,524
MIS,2003-05-15,559
MIS,2004-05-15,1132
MIS,2005-05-15,750
MIS,2006-05-15,85
MIS,2007-05-15,1328
MIS,2008-05-15,808
MIS,2009-05-15,143
MIS,2010-05-15,554
MIS,2011-05-15,962
MIS,2012-05-15,226
MIS,2013-05-15,1434
MIS,2014-05-15,1238
MIS,2015-05-15,1983
MIS,2016-05-15,1191
MIS,2017-05-15,1266
MIS,2018-05-15,965
MIS,1959-06-15,452
MIS,1960-06-15,432
MIS,1961-06-15,628
MIS,1962-06-15,1725
MIS,1963-06-15,763
MIS,1964-06-15,1485
MIS,1965-06-15,939
MIS,1966-06-15,676
MIS,1967-06-15,1767
MIS,1968-06-15,978
MIS,1969-06-15,635
MIS,1970-06-15,653
MIS,1971-06-15,358
MIS,1972-06-15,759
MIS,1973-06-15,186
MIS,1974-06-15,407
MIS,1975-06-15,1014
MIS,1976-06-15,135
MIS,1977-06-15,995
MIS,1978-06-15,642
MIS,1979-06-15,1354
MIS,1980-06-15,2088
MIS,1981-06-15,486
MIS,1982-06-15,392
MIS,1983-06-15,589
MIS,1984-06-15,483
MIS,1985-06-15,361
MIS,1986-06-15,762
MIS,1987-06-15,263
MIS,1988-06-15,948
MIS,1989-06-15,242
MIS,1990-06-15,591
MIS,1991-06-15,894
MIS,1992-06-15,1067
MIS,1993-06-15,1192
MIS,1994-06-15,1330
MIS,1995-06-15,975
MIS,1996-06-15,243
MIS,1997-06-15,852
MIS,1998-06-15,1419
MIS,1999-06-15,1107
MIS,2000-06-15,1193
MIS,2001-06-15,568
MIS,2002-06-15,325
MIS,2003-06-15,742
MIS,2004-06-15,605
MIS,2005-06-15,1474
MIS,2006-06-15,1360
MIS,2007-06-15,683
MIS,2008-06-15,1209
MIS,2009-06-15,1300
MIS,2010-06-15,1388
MIS,2011-06-15,1638
MIS,2012-06-15,654
MIS,2013-06-15,275
MIS,2014-06-15,2042
MIS,2015-06-15,910
MIS,2016-06-15,961
MIS,2017-06-15,113
MIS,2018-06-15,1744
MIS,1959-07-15,206
MIS,1960-07-15,292
MIS,1961-07-15,604
MIS,1962-07-15,1430
MIS,1963-07-15,337
MIS,1964-07-15,723
MIS,1965-07-15,613
MIS,1966-07-15,1069
MIS,1967-07-15,220
MIS,1968-07-15,127
MIS,1969-07-15,1127
MIS,1970-07-15,528
MIS,1971-07-15,286
MIS,1972-07-15,1503
MIS,1973-07-15,960
MIS,1974-07-15,336
MIS,1975-07-15,495
MIS,1976-07-15,628
MIS,1977-07-15,444
MIS,1978-07-15,1153
MIS,1979-07-15,929
MIS,1980-07-15,330
MIS,1981-07-15,1186
MIS,1982-07-15,916
MIS,1983-07-15,628
MIS,1984-07-15,845
MIS,1985-07-15,726
MIS,1986-07-15,628
MIS,1987-07-15,1212
MIS,1988-07-15,721
MIS,1989-07-15,312
MIS,1990-07-15,1016
MIS,1991-07-15,518
MIS,1992-07-15,905
MIS,1993-07-15,644
MIS,1994-07-15,1109
MIS,1995-07-15,449
MIS,1996-07-15,259
MIS,1997-07-15,1789
MIS,1998-07-15,2039
MIS,1999-07-15,681
MIS,2000-07-15,1072
MIS,2001-07-15,903
MIS,2002-07-15,208
MIS,2003-07-15,251
MIS,2004-07-15,561
MIS,2005-07-15,316
MIS,2006-07-15,117
MIS,2007-07-15,228
MIS,2008-07-15,611
MIS,2009-07-15,1300
MIS,2010-07-15,672
MIS,2011-07-15,1607
MIS,2012-07-15,270
MIS,2013-07-15,409
MIS,2014-07-15,356
MIS,2015-07-15,526
MIS,2016-07-15,1418
MIS,2017-07-15,325
MIS,2018-07-15,1648
MIS,1959-08-15,1107
MIS,1960-08-15,769
MIS,1961-08-15,356
MIS,1962-08-15,289
MIS,1963-08-15,196
MIS,1964-08-15,195
MIS,1965-08-15,64
MIS,1966-08-15,1270
MIS,1967-08-15,183
MIS,1968-08-15,795
MIS,1969-08-15,182
MIS,1970-08-15,233
MIS,1971-08-15,458
MIS,1972-08-15,537
MIS,1973-08-15,410
MIS,1974-08-15,609
MIS,1975-08-15,262
MIS,1976-08-15,432
MIS,1977-08-15,1289
MIS,1978-08-15,386
MIS,1979-08-15,165
MIS,1980-08-15,1297
MIS,1981-08-15,781
MIS,1982-08-15,552
MIS,1983-08-15,310
MIS,1984-08-15,521
MIS,1985-08-15,709
MIS,1986-08-15,377
MIS,1987-08-15,709
MIS,1988-08-15,239
MIS,1989-08-15,637
MIS,1990-08-15,488
MIS,1991-08-15,655
MIS,1992-08-15,754
MIS,1993-08-15,688
MIS,1994-08-15,870
MIS,1995-08-15,356
MIS,1996-08-15,379
MIS,1997-08-15,153
MIS,1998-08-15,412
MIS,1999-08-15,511
MIS,2000-08-15,254
MIS,2001-08-15,139
MIS,2002-08-15,390
MIS,2003-08-15,147
MIS,2004-08-15,181
MIS,2005-08-15,491
MIS,2006-08-15,751
MIS,2007-08-15,2169
MIS,2008-08-15,220
MIS,2009-08-15,718
MIS,2010-08-15,529
MIS,2011-08-15,514
MIS,2012-08-15,277
MIS,2013-08-15,399
MIS,2014-08-15,1017
MIS,2015-08-15,587
MIS,2016-08-15,402
MIS,2017-08-15,1119
MIS,2018-08-15,406
MIS,1959-09-15,592
MIS,1960-09-15,228
MIS,1961-09-15,565
MIS,1962-09-15,168
MIS,1963-09-15,870
MIS,1964-09-15,271
MIS,1965-09-15,847
MIS,1966-09-15,985
MIS,1967-09-15,371
MIS,1968-09-15,210
MIS,1969-09-15,353
MIS,1970-09-15,197
MIS,1971-09-15,239
MIS,1972-09-15,78
MIS,1973-09-15,1075
MIS,1974-09-15,106
MIS,1975-09-15,121
MIS,1976-09-15,348
MIS,1977-09-15,661
MIS,1978-09-15,241
MIS,1979-09-15,387
MIS,1980-09-15,129
MIS,1981-09-15,106
MIS,1982-09-15,826
MIS,1983-09-15,335
MIS,1984-09-15,285
MIS,1985-09-15,622
MIS,1986-09-15,787
MIS,1987-09-15,195
MIS,1988-09-15,398
MIS,1989-09-15,848
MIS,1990-09-15,84
MIS,1991-09-15,290
MIS,1992-09-15,453
MIS,1993-09-15,524
MIS,1994-09-15,162
MIS,1995-09-15,542
MIS,1996-09-15,1280
MIS,1997-09-15,319
MIS,1998-09-15,295
MIS,1999-09-15,1141
MIS,2000-09-15,124
MIS,2001-09-15,612
MIS,2002-09-15,592
MIS,2003-09-15,208
MIS,2004-09-15,724
MIS,2005-09-15,312
MIS,2006-09-15,534
MIS,2007-09-15,267
MIS,2008-09-15,704
MIS,2009-09-15,165
MIS,2010-09-15,231
MIS,2011-09-15,368
MIS,2012-09-15,51
MIS,2013-09-15,288
MIS,2014-09-15,366
MIS,2015-09-15,646
MIS,2016-09-15,325
MIS,2017-09-15,685
MIS,2018-09-15,484
MIS,1958-10-15,0
MIS,1959-10-15,198
MIS,1960-10-15,112
MIS,1961-10-15,132
MIS,1962-10-15,333
MIS,1963-10-15,409
MIS,1964-10-15,0
MIS,1965-10-15,241
MIS,1966-10-15,223
MIS,1967-10-15,331
MIS,1968-10-15,109
MIS,1969-10-15,629
MIS,1970-10-15,340
MIS,1971-10-15,643
MIS,1972-10-15,117
MIS,1973-10-15,343
MIS,1974-10-15,206
MIS,1975-10-15,121
MIS,1976-10-15,76
MIS,1977-10-15,514
MIS,1978-10-15,56
MIS,1979-10-15,595
MIS,1980-10-15,442
MIS,1981-10-15,713
MIS,1982-10-15,1036
MIS,1983-10-15,369
MIS,1984-10-15,154
MIS,1985-10-15,224
MIS,1986-10-15,295
MIS,1987-10-15,254
MIS,1988-10-15,41
MIS,1989-10-15,226
MIS,1990-10-15,246
MIS,1991-10-15,481
MIS,1992-10-15,48
MIS,1993-10-15,184
MIS,1994-10-15,397
MIS,1995-10-15,1328
MIS,1996-10-15,471
MIS,1997-10-15,597
MIS,1998-10-15,917
MIS,1999-10-15,35
MIS,2000-10-15,575
MIS,2001-10-15,148
MIS,2002-10-15,324
MIS,2003-10-15,141
MIS,2004-10-15,508
MIS,2005-10-15,216
MIS,2006-10-15,206
MIS,2007-10-15,968
MIS,2008-10-15,560
MIS,2009-10-15,597
MIS,2010-10-15,319
MIS,2011-10-15,295
MIS,2012-10-15,145
MIS,2013-10-15,796
MIS,2014-10-15,120
MIS,2015-10-15,297
MIS,2016-10-15,363
MIS,2017-10-15,224
MIS,2018-10-15,518
MIS,1958-11-15,0
MIS,1959-11-15,89
MIS,1960-11-15,246
MIS,1961-11-15,23
MIS,1962-11-15,0
MIS,1963-11-15,114
MIS,1964-11-15,5
MIS,1965-11-15,25
MIS,1966-11-15,89
MIS,1967-11-15,48
MIS,1968-11-15,91
MIS,1969-11-15,104
MIS,1970-11-15,134
MIS,1971-11-15,76
MIS,1972-11-15,267
MIS,1973-11-15,244
MIS,1974-11-15,13
MIS,1975-11-15,242
MIS,1976-11-15,10
MIS,1977-11-15,58
MIS,1978-11-15,152
MIS,1979-11-15,211
MIS,1980-11-15,46
MIS,1981-11-15,183
MIS,1982-11-15,152
MIS,1983-11-15,372
MIS,1984-11-15,186
MIS,1985-11-15,577
MIS,1986-11-15,145
MIS,1987-11-15,542
MIS,1988-11-15,127
MIS,1989-11-15,81
MIS,1990-11-15,104
MIS,1991-11-15,307
MIS,1992-11-15,305
MIS,1993-11-15,330
MIS,1994-11-15,165
MIS,1995-11-15,198
MIS,1996-11-15,226
MIS,1997-11-15,188
MIS,1998-11-15,374
MIS,1999-11-15,36
MIS,2000-11-15,294
MIS,2001-11-15,444
MIS,2002-11-15,20
MIS,2003-11-15,170
MIS,2004-11-15,69
MIS,2005-11-15,246
MIS,2006-11-15,102
MIS,2007-11-15,0
MIS,2008-11-15,249
MIS,2009-11-15,23
MIS,2010-11-15,87
MIS,2011-11-15,132
MIS,2012-11-15,77
MIS,2013-11-15,118
MIS,2014-11-15,203
MIS,2015-11-15,236
MIS,2016-11-15,219
MIS,2017-11-15,190
MIS,1958-12-15,33
MIS,1959-12-15,0
MIS,1960-12-15,66
MIS,1961-12-15,26
MIS,1962-12-15,13
MIS,1963-12-15,30
MIS,1964-12-15,109
MIS,1965-12-15,64
MIS,1966-12-15,152
MIS,1967-12-15,125
MIS,1968-12-15,56
MIS,1969-12-15,84
MIS,1970-12-15,195
MIS,1971-12-15,114
MIS,1972-12-15,89
MIS,1973-12-15,39
MIS,1974-12-15,0
MIS,1975-12-15,74
MIS,1976-12-15,73
MIS,1977-12-15,127
MIS,1978-12-15,140
MIS,1979-12-15,5
MIS,1980-12-15,175
MIS,1981-12-15,257
MIS,1982-12-15,112
MIS,1983-12-15,241
MIS,1984-12-15,41
MIS,1985-12-15,147
MIS,1986-12-15,46
MIS,1987-12-15,494
MIS,1988-12-15,103
MIS,1989-12-15,224
MIS,1990-12-15,132
MIS,1991-12-15,0
MIS,1992-12-15,36
MIS,1993-12-15,258
MIS,1994-12-15,86
MIS,1995-12-15,56
MIS,1996-12-15,198
MIS,1997-12-15,58
MIS,1998-12-15,13
MIS,1999-12-15,86
MIS,2000-12-15,104
MIS,2001-12-15,0
MIS,2002-12-15,20
MIS,2003-12-15,99
MIS,2004-12-15,0
MIS,2005-12-15,125
MIS,2006-12-15,338
MIS,2007-12-15,200
MIS,2008-12-15,145
MIS,2009-12-15,310
MIS,2010-12-15,148
MIS,2011-12-15,41
MIS,2012-12-15,85
MIS,2013-12-15,171
MIS,2014-12-15,333
MIS,2015-12-15,390
MIS,2016-12-15,262
MIS,2017-12-15,181
OEL,1959-01-15,149
OEL,1960-01-15,185
OEL,1961-01-15,15
OEL,1962-01-15,53
OEL,1963-01-15,340
OEL,1964-01-15,33
OEL,1965-01-15,220
OEL,1966-01-15,79
OEL,1967-01-15,108
OEL,1968-01-15,116
OEL,1969-01-15,102
OEL,1970-01-15,61
OEL,1971-01-15,104
OEL,1972-01-15,36
OEL,1973-01-15,79
OEL,1974-01-15,153
OEL,1975-01-15,142
OEL,1976-01-15,155
OEL,1977-01-15,63
OEL,1978-01-15,144
OEL,1979-01-15,168
OEL,1980-01-15,79
OEL,1981-01-15,51
OEL,1982-01-15,153
OEL,1983-01-15,62
OEL,1984-01-15,87
OEL,1985-01-15,127
OEL,1986-01-15,204
OEL,1987-01-15,0
OEL,1988-01-15,79
OEL,1989-01-15,0
OEL,1990-01-15,10
OEL,1991-01-15,15
OEL,1992-01-15,115
OEL,1993-01-15,101
OEL,1994-01-15,123
OEL,1995-01-15,160
OEL,1996-01-15,113
OEL,1997-01-15,244
OEL,1998-01-15,70
OEL,1999-01-15,129
OEL,2000-01-15,198
OEL,2001-01-15,90
OEL,2002-01-15,14
OEL,2003-01-15,126
OEL,2004-01-15,44
OEL,2005-01-15,89
OEL,2006-01-15,156
OEL,2007-01-15,33
OEL,2008-01-15,51
OEL,2009-01-15,126
OEL,2010-01-15,43
OEL,2011-01-15,135
OEL,2012-01-15,178
OEL,2013-01-15,120
OEL,2014-01-15,13
OEL,2015-01-15,61
OEL,2016-01-15,30
OEL,2017-01-15,206
OEL,2018-01-15,133
OEL,1959-02-15,138
OEL,1960-02-15,267
OEL,1961-02-15,82
OEL,1962-02-15,331
OEL,1963-02-15,96
OEL,1964-02-15,122
OEL,1965-02-15,206
OEL,1966-02-15,218
OEL,1967-02-15,30
OEL,1968-02-15,81
OEL,1969-02-15,133
OEL,1970-02-15,44
OEL,1971-02-15,218
OEL,1972-02-15,34
OEL,1973-02-15,96
OEL,1974-02-15,69
OEL,1975-02-15,163
OEL,1976-02-15,121
OEL,1977-02-15,40
OEL,1978-02-15,171
OEL,1979-02-15,40
OEL,1980-02-15,165
OEL,1981-02-15,65
OEL,1982-02-15,87
OEL,1983-02-15,10
OEL,1984-02-15,120
OEL,1985-02-15,80
OEL,1986-02-15,213
OEL,1987-02-15,378
OEL,1988-02-15,23
OEL,1989-02-15,82
OEL,1990-02-15,113
OEL,1991-02-15,211
OEL,1992-02-15,234
OEL,1993-02-15,226
OEL,1994-02-15,69
OEL,1995-02-15,130
OEL,1996-02-15,0
OEL,1997-02-15,160
OEL,1998-02-15,196
OEL,1999-02-15,61
OEL,2000-02-15,197
OEL,2001-02-15,285
OEL,2002-02-15,38
OEL,2003-02-15,56
OEL,2004-02-15,130
OEL,2005-02-15,23
OEL,2006-02-15,118
OEL,2007-02-15,20
OEL,2008-02-15,24
OEL,2009-02-15,158
OEL,2010-02-15,115
OEL,2011-02-15,153
OEL,2012-02-15,115
OEL,2013-02-15,25
OEL,2014-02-15,73
OEL,2015-02-15,112
OEL,2016-02-15,147
OEL,2017-02-15,350
OEL,2018-02-15,183
OEL,1959-03-15,369
OEL,1960-03-15,183
OEL,1961-03-15,329
OEL,1962-03-15,269
OEL,1963-03-15,516
OEL,1964-03-15,346
OEL,1965-03-15,244
OEL,1966-03-15,132
OEL,1967-03-15,303
OEL,1968-03-15,249
OEL,1969-03-15,132
OEL,1970-03-15,265
OEL,1971-03-15,259
OEL,1972-03-15,206
OEL,1973-03-15,478
OEL,1974-03-15,54
OEL,1975-03-15,386
OEL,1976-03-15,214
OEL,1977-03-15,432
OEL,1978-03-15,20
OEL,1979-03-15,126
OEL,1980-03-15,341
OEL,1981-03-15,109
OEL,1982-03-15,295
OEL,1983-03-15,392
OEL,1984-03-15,129
OEL,1985-03-15,255
OEL,1986-03-15,297
OEL,1987-03-15,588
OEL,1988-03-15,51
OEL,1989-03-15,276
OEL,1990-03-15,327
OEL,1991-03-15,131
OEL,1992-03-15,502
OEL,1993-03-15,234
OEL,1994-03-15,84
OEL,1995-03-15,82
OEL,1996-03-15,170
OEL,1997-03-15,69
OEL,1998-03-15,423
OEL,1999-03-15,115
OEL,2000-03-15,571
OEL,2001-03-15,357
OEL,2002-03-15,446
OEL,2003-03-15,966
OEL,2004-03-15,236
OEL,2005-03-15,143
OEL,2006-03-15,470
OEL,2007-03-15,249
OEL,2008-03-15,97
OEL,2009-03-15,364
OEL,2010-03-15,117
OEL,2011-03-15,126
OEL,2012-03-15,30
OEL,2013-03-15,83
OEL,2014-03-15,157
OEL,2015-03-15,51
OEL,2016-03-15,315
OEL,2017-03-15,330
OEL,2018-03-15,240
OEL,1959-04-15,300
OEL,1960-04-15,688
OEL,1961-04-15,279
OEL,1962-04-15,99
OEL,1963-04-15,569
OEL,1964-04-15,762
OEL,1965-04-15,353
OEL,1966-04-15,637
OEL,1967-04-15,696
OEL,1968-04-15,439
OEL,1969-04-15,361
OEL,1970-04-15,965
OEL,1971-04-15,929
OEL,1972-04-15,515
OEL,1973-04-15,970
OEL,1974-04-15,572
OEL,1975-04-15,586
OEL,1976-04-15,755
OEL,1977-04-15,642
OEL,1978-04-15,527
OEL,1979-04-15,213
OEL,1980-04-15,200
OEL,1981-04-15,228
OEL,1982-04-15,263
OEL,1983-04-15,247
OEL,1984-04-15,752
OEL,1985-04-15,310
OEL,1986-04-15,1070
OEL,1987-04-15,0
OEL,1988-04-15,145
OEL,1989-04-15,397
OEL,1990-04-15,387
OEL,1991-04-15,594
OEL,1992-04-15,145
OEL,1993-04-15,401
OEL,1994-04-15,144
OEL,1995-04-15,428
OEL,1996-04-15,526
OEL,1997-04-15,804
OEL,1998-04-15,28
OEL,1999-04-15,940
OEL,2000-04-15,1179
OEL,2001-04-15,457
OEL,2002-04-15,312
OEL,2003-04-15,681
OEL,2004-04-15,148
OEL,2005-04-15,765
OEL,2006-04-15,562
OEL,2007-04-15,378
OEL,2008-04-15,375
OEL,2009-04-15,834
OEL,2010-04-15,1070
OEL,2011-04-15,321
OEL,2012-04-15,448
OEL,2013-04-15,604
OEL,2014-04-15,945
OEL,2015-04-15,414
OEL,2016-04-15,619
OEL,2017-04-15,709
OEL,2018-04-15,319
OEL,1959-05-15,796
OEL,1960-05-15,435
OEL,1961-05-15,757
OEL,1962-05-15,1362
OEL,1963-05-15,595
OEL,1964-05-15,662
OEL,1965-05-15,1682
OEL,1966-05-15,96
OEL,1967-05-15,845
OEL,1968-05-15,996
OEL,1969-05-15,283
OEL,1970-05-15,399
OEL,1971-05-15,1618
OEL,1972-05-15,803
OEL,1973-05-15,566
OEL,1974-05-15,191
OEL,1975-05-15,528
OEL,1976-05-15,664
OEL,1977-05-15,661
OEL,1978-05-15,828
OEL,1979-05-15,640
OEL,1980-05-15,493
OEL,1981-05-15,944
OEL,1982-05-15,1878
OEL,1983-05-15,783
OEL,1984-05-15,589
OEL,1985-05-15,276
OEL,1986-05-15,342
OEL,1987-05-15,1098
OEL,1988-05-15,1074
OEL,1989-05-15,253
OEL,1990-05-15,859
OEL,1991-05-15,2166
OEL,1992-05-15,826
OEL,1993-05-15,490
OEL,1994-05-15,261
OEL,1995-05-15,1009
OEL,1996-05-15,979
OEL,1997-05-15,944
OEL,1998-05-15,628
OEL,1999-05-15,787
OEL,2000-05-15,616
OEL,2001-05-15,333
OEL,2002-05-15,607
OEL,2003-05-15,542
OEL,2004-05-15,197
OEL,2005-05-15,802
OEL,2006-05-15,488
OEL,2007-05-15,564
OEL,2008-05-15,1403
OEL,2009-05-15,420
OEL,2010-05-15,1185
OEL,2011-05-15,1384
OEL,2012-05-15,675
OEL,2013-05-15,608
OEL,2014-05-15,807
OEL,2015-05-15,1506
OEL,2016-05-15,531
OEL,2017-05-15,533
OEL,2018-05-15,1542
OEL,1959-06-15,1068
OEL,1960-06-15,460
OEL,1961-06-15,157
OEL,1962-06-15,1597
OEL,1963-06-15,1243
OEL,1964-06-15,931
OEL,1965-06-15,1073
OEL,1966-06-15,360
OEL,1967-06-15,1962
OEL,1968-06-15,1040
OEL,1969-06-15,492
OEL,1970-06-15,700
OEL,1971-06-15,272
OEL,1972-06-15,879
OEL,1973-06-15,222
OEL,1974-06-15,252
OEL,1975-06-15,873
OEL,1976-06-15,655
OEL,1977-06-15,384
OEL,1978-06-15,351
OEL,1979-06-15,618
OEL,1980-06-15,1350
OEL,1981-06-15,306
OEL,1982-06-15,1109
OEL,1983-06-15,740
OEL,1984-06-15,691
OEL,1985-06-15,332
OEL,1986-06-15,1781
OEL,1987-06-15,491
OEL,1988-06-15,590
OEL,1989-06-15,398
OEL,1990-06-15,363
OEL,1991-06-15,1077
OEL,1992-06-15,723
OEL,1993-06-15,1519
OEL,1994-06-15,559
OEL,1995-06-15,838
OEL,1996-06-15,224
OEL,1997-06-15,1094
OEL,1998-06-15,789
OEL,1999-06-15,1583
OEL,2000-06-15,259
OEL,2001-06-15,931
OEL,2002-06-15,249
OEL,2003-06-15,1227
OEL,2004-06-15,165
OEL,2005-06-15,1455
OEL,2006-06-15,669
OEL,2007-06-15,257
OEL,2008-06-15,641
OEL,2009-06-15,947
OEL,2010-06-15,994
OEL,2011-06-15,687
OEL,2012-06-15,1220
OEL,2013-06-15,469
OEL,2014-06-15,1012
OEL,2015-06-15,1538
OEL,2016-06-15,594
OEL,2017-06-15,580
OEL,2018-06-15,986
OEL,1959-07-15,261
OEL,1960-07-15,276
OEL,1961-07-15,470
OEL,1962-07-15,821
OEL,1963-07-15,785
OEL,1964-07-15,135
OEL,1965-07-15,530
OEL,1966-07-15,823
OEL,1967-07-15,521
OEL,1968-07-15,685
OEL,1969-07-15,1771
OEL,1970-07-15,234
OEL,1971-07-15,151
OEL,1972-07-15,312
OEL,1973-07-15,965
OEL,1974-07-15,391
OEL,1975-07-15,115
OEL,1976-07-15,702
OEL,1977-07-15,502
OEL,1978-07-15,765
OEL,1979-07-15,631
OEL,1980-07-15,457
OEL,1981-07-15,778
OEL,1982-07-15,183
OEL,1983-07-15,607
OEL,1984-07-15,560
OEL,1985-07-15,402
OEL,1986-07-15,380
OEL,1987-07-15,153
OEL,1988-07-15,739
OEL,1989-07-15,477
OEL,1990-07-15,800
OEL,1991-07-15,203
OEL,1992-07-15,904
OEL,1993-07-15,873
OEL,1994-07-15,442
OEL,1995-07-15,874
OEL,1996-07-15,277
OEL,1997-07-15,1298
OEL,1998-07-15,838
OEL,1999-07-15,265
OEL,2000-07-15,257
OEL,2001-07-15,313
OEL,2002-07-15,173
OEL,2003-07-15,59
OEL,2004-07-15,426
OEL,2005-07-15,831
OEL,2006-07-15,382
OEL,2007-07-15,154
OEL,2008-07-15,754
OEL,2009-07-15,547
OEL,2010-07-15,379
OEL,2011-07-15,192
OEL,2012-07-15,164
OEL,2013-07-15,1057
OEL,2014-07-15,251
OEL,2015-07-15,384
OEL,2016-07-15,239
OEL,2017-07-15,355
OEL,2018-07-15,1102
OEL,1959-08-15,62
OEL,1960-08-15,249
OEL,1961-08-15,13
OEL,1962-08-15,345
OEL,1963-08-15,503
OEL,1964-08-15,186
OEL,1965-08-15,650
OEL,1966-08-15,1201
OEL,1967-08-15,63
OEL,1968-08-15,1184
OEL,1969-08-15,101
OEL,1970-08-15,25
OEL,1971-08-15,41
OEL,1972-08-15,326
OEL,1973-08-15,138
OEL,1974-08-15,1318
OEL,1975-08-15,218
OEL,1976-08-15,165
OEL,1977-08-15,725
OEL,1978-08-15,305
OEL,1979-08-15,840
OEL,1980-08-15,758
OEL,1981-08-15,160
OEL,1982-08-15,647
OEL,1983-08-15,576
OEL,1984-08-15,110
OEL,1985-08-15,267
OEL,1986-08-15,172
OEL,1987-08-15,262
OEL,1988-08-15,261
OEL,1989-08-15,450
OEL,1990-08-15,208
OEL,1991-08-15,540
OEL,1992-08-15,366
OEL,1993-08-15,328
OEL,1994-08-15,429
OEL,1995-08-15,43
OEL,1996-08-15,907
OEL,1997-08-15,460
OEL,1998-08-15,771
OEL,1999-08-15,550
OEL,2000-08-15,99
OEL,2001-08-15,217
OEL,2002-08-15,656
OEL,2003-08-15,210
OEL,2004-08-15,215
OEL,2005-08-15,404
OEL,2006-08-15,423
OEL,2007-08-15,643
OEL,2008-08-15,119
OEL,2009-08-15,651
OEL,2010-08-15,222
OEL,2011-08-15,387
OEL,2012-08-15,49
OEL,2013-08-15,519
OEL,2014-08-15,829
OEL,2015-08-15,394
OEL,2016-08-15,340
OEL,2017-08-15,198
OEL,2018-08-15,572
OEL,1959-09-15,849
OEL,1960-09-15,138
OEL,1961-09-15,385
OEL,1962-09-15,168
OEL,1963-09-15,380
OEL,1964-09-15,97
OEL,1965-09-15,507
OEL,1966-09-15,575
OEL,1967-09-15,289
OEL,1968-09-15,195
OEL,1969-09-15,122
OEL,1970-09-15,309
OEL,1971-09-15,689
OEL,1972-09-15,142
OEL,1973-09-15,782
OEL,1974-09-15,289
OEL,1975-09-15,38
OEL,1976-09-15,178
OEL,1977-09-15,343
OEL,1978-09-15,90
OEL,1979-09-15,48
OEL,1980-09-15,38
OEL,1981-09-15,137
OEL,1982-09-15,660
OEL,1983-09-15,77
OEL,1984-09-15,105
OEL,1985-09-15,627
OEL,1986-09-15,728
OEL,1987-09-15,187
OEL,1988-09-15,351
OEL,1989-09-15,794
OEL,1990-09-15,295
OEL,1991-09-15,175
OEL,1992-09-15,58
OEL,1993-09-15,399
OEL,1994-09-15,112
OEL,1995-09-15,579
OEL,1996-09-15,412
OEL,1997-09-15,217
OEL,1998-09-15,602
OEL,1999-09-15,434
OEL,2000-09-15,304
OEL,2001-09-15,107
OEL,2002-09-15,807
OEL,2003-09-15,418
OEL,2004-09-15,734
OEL,2005-09-15,247
OEL,2006-09-15,300
OEL,2007-09-15,307
OEL,2008-09-15,503
OEL,2009-09-15,196
OEL,2010-09-15,259
OEL,2011-09-15,325
OEL,2012-09-15,46
OEL,2013-09-15,461
OEL,2014-09-15,974
OEL,2015-09-15,132
OEL,2016-09-15,384
OEL,2017-09-15,308
OEL,2018-09-15,302
OEL,1958-10-15,21
OEL,1959-10-15,108
OEL,1960-10-15,36
OEL,1961-10-15,244
OEL,1962-10-15,328
OEL,1963-10-15,227
OEL,1964-10-15,249
OEL,1965-10-15,112
OEL,1966-10-15,381
OEL,1967-10-15,129
OEL,1968-10-15,132
OEL,1969-10-15,261
OEL,1970-10-15,388
OEL,1971-10-15,481
OEL,1972-10-15,206
OEL,1973-10-15,196
OEL,1974-10-15,417
OEL,1975-10-15,258
OEL,1976-10-15,191
OEL,1977-10-15,228
OEL,1978-10-15,92
OEL,1979-10-15,278
OEL,1980-10-15,442
OEL,1981-10-15,272
OEL,1982-10-15,760
OEL,1983-10-15,213
OEL,1984-10-15,115
OEL,1985-10-15,495
OEL,1986-10-15,425
OEL,1987-10-15,145
OEL,1988-10-15,58
OEL,1989-10-15,66
OEL,1990-10-15,119
OEL,1991-10-15,350
OEL,1992-10-15,117
OEL,1993-10-15,366
OEL,1994-10-15,1025
OEL,1995-10-15,514
OEL,1996-10-15,406
OEL,1997-10-15,491
OEL,1998-10-15,708
OEL,1999-10-15,48
OEL,2000-10-15,449
OEL,2001-10-15,210
OEL,2002-10-15,168
OEL,2003-10-15,109
OEL,2004-10-15,315
OEL,2005-10-15,183
OEL,2006-10-15,36
OEL,2007-10-15,310
OEL,2008-10-15,310
OEL,2009-10-15,759
OEL,2010-10-15,68
OEL,2011-10-15,237
OEL,2012-10-15,206
OEL,2013-10-15,1253
OEL,2014-10-15,180
OEL,2015-10-15,452
OEL,2016-10-15,130
OEL,2017-10-15,190
OEL,2018-10-15,269
OEL,1958-11-15,81
OEL,1959-11-15,311
OEL,1960-11-15,304
OEL,1961-11-15,170
OEL,1962-11-15,46
OEL,1963-11-15,13
OEL,1964-11-15,66
OEL,1965-11-15,56
OEL,1966-11-15,207
OEL,1967-11-15,81
OEL,1968-11-15,107
OEL,1969-11-15,53
OEL,1970-11-15,104
OEL,1971-11-15,193
OEL,1972-11-15,60
OEL,1973-11-15,231
OEL,1974-11-15,56
OEL,1975-11-15,54
OEL,1976-11-15,117
OEL,1977-11-15,265
OEL,1978-11-15,177
OEL,1979-11-15,139
OEL,1980-11-15,132
OEL,1981-11-15,36
OEL,1982-11-15,194
OEL,1983-11-15,459
OEL,1984-11-15,115
OEL,1985-11-15,405
OEL,1986-11-15,104
OEL,1987-11-15,165
OEL,1988-11-15,232
OEL,1989-11-15,33
OEL,1990-11-15,124
OEL,1991-11-15,209
OEL,1992-11-15,226
OEL,1993-11-15,223
OEL,1994-11-15,46
OEL,1995-11-15,195
OEL,1996-11-15,86
OEL,1997-11-15,0
OEL,1998-11-15,404
OEL,1999-11-15,104
OEL,2000-11-15,155
OEL,2001-11-15,115
OEL,2002-11-15,41
OEL,2003-11-15,163
OEL,2004-11-15,164
OEL,2005-11-15,14
OEL,2006-11-15,112
OEL,2007-11-15,0
OEL,2008-11-15,87
OEL,2009-11-15,209
OEL,2010-11-15,117
OEL,2011-11-15,86
OEL,2012-11-15,188
OEL,2013-11-15,123
OEL,2014-11-15,153
OEL,2015-11-15,314
OEL,2016-11-15,38
OEL,2017-11-15,165
OEL,1958-12-15,86
OEL,1959-12-15,102
OEL,1960-12-15,257
OEL,1961-12-15,92
OEL,1962-12-15,112
OEL,1963-12-15,76
OEL,1964-12-15,196
OEL,1965-12-15,104
OEL,1966-12-15,165
OEL,1967-12-15,226
OEL,1968-12-15,120
OEL,1969-12-15,105
OEL,1970-12-15,72
OEL,1971-12-15,23
OEL,1972-12-15,55
OEL,1973-12-15,265
OEL,1974-12-15,15
OEL,1975-12-15,240
OEL,1976-12-15,53
OEL,1977-12-15,137
OEL,1978-12-15,210
OEL,1979-12-15,8
OEL,1980-12-15,137
OEL,1981-12-15,219
OEL,1982-12-15,171
OEL,1983-12-15,167
OEL,1984-12-15,96
OEL,1985-12-15,86
OEL,1986-12-15,28
OEL,1987-12-15,160
OEL,1988-12-15,63
OEL,1989-12-15,69
OEL,1990-12-15,91
OEL,1991-12-15,25
OEL,1992-12-15,90
OEL,1993-12-15,112
OEL,1994-12-15,298
OEL,1995-12-15,30
OEL,1996-12-15,127
OEL,1997-12-15,13
OEL,1998-12-15,84
OEL,1999-12-15,16
OEL,2000-12-15,87
OEL,2001-12-15,13
OEL,2002-12-15,56
OEL,2003-12-15,51
OEL,2004-12-15,6
OEL,2005-12-15,39
OEL,2006-12-15,61
OEL,2007-12-15,141
OEL,2008-12-15,68
OEL,2009-12-15,319
OEL,2010-12-15,99
OEL,2011-12-15,30
OEL,2012-12-15,118
OEL,2013-12-15,120
OEL,2014-12-15,94
OEL,2015-12-15,221
OEL,2016-12-15,271
OEL,2017-12-15,148
ONI,1959-01-15,31
ONI,1960-01-15,142
ONI,1961-01-15,13
ONI,1962-01-15,57
ONI,1963-01-15,219
ONI,1964-01-15,13
ONI,1965-01-15,24
ONI,1966-01-15,44
ONI,1967-01-15,72
ONI,1968-01-15,36
ONI,1969-01-15,79
ONI,1970-01-15,57
ONI,1971-01-15,286
ONI,1972-01-15,124
ONI,1973-01-15,137
ONI,1974-01-15,13
ONI,1975-01-15,290
ONI,1976-01-15,178
ONI,1977-01-15,115
ONI,1978-01-15,236
ONI,1979-01-15,216
ONI,1980-01-15,76
ONI,1981-01-15,30
ONI,1982-01-15,365
ONI,1983-01-15,28
ONI,1984-01-15,13
ONI,1985-01-15,116
ONI,1986-01-15,167
ONI,1987-01-15,64
ONI,1988-01-15,51
ONI,1989-01-15,50
ONI,1990-01-15,67
ONI,1991-01-15,103
ONI,1992-01-15,264
ONI,1993-01-15,198
ONI,1994-01-15,156
ONI,1995-01-15,142
ONI,1996-01-15,257
ONI,1997-01-15,449
ONI,1998-01-15,145
ONI,1999-01-15,95
ONI,2000-01-15,32
ONI,2001-01-15,117
ONI,2002-01-15,130
ONI,2003-01-15,144
ONI,2004-01-15,59
ONI,2005-01-15,41
ONI,2006-01-15,170
ONI,2007-01-15,77
ONI,2008-01-15,75
ONI,2009-01-15,66
ONI,2010-01-15,219
ONI,2011-01-15,199
ONI,2012-01-15,135
ONI,2013-01-15,185
ONI,2014-01-15,64
ONI,2015-01-15,65
ONI,2016-01-15,72
ONI,2017-01-15,213
ONI,2018-01-15,0
ONI,1959-02-15,106
ONI,1960-02-15,375
ONI,1961-02-15,83
ONI,1962-02-15,408
ONI,1963-02-15,86
ONI,1964-02-15,10
ONI,1965-02-15,76
ONI,1966-02-15,173
ONI,1967-02-15,141
ONI,1968-02-15,23
ONI,1969-02-15,182
ONI,1970-02-15,115
ONI,1971-02-15,114
ONI,1972-02-15,183
ONI,1973-02-15,89
ONI,1974-02-15,36
ONI,1975-02-15,13
ONI,1976-02-15,257
ONI,1977-02-15,214
ONI,1978-02-15,107
ONI,1979-02-15,196
ONI,1980-02-15,111
ONI,1981-02-15,75
ONI,1982-02-15,56
ONI,1983-02-15,0
ONI,1984-02-15,102
ONI,1985-02-15,5
ONI,1986-02-15,317
ONI,1987-02-15,521
ONI,1988-02-15,87
ONI,1989-02-15,199
ONI,1990-02-15,123
ONI,1991-02-15,283
ONI,1992-02-15,356
ONI,1993-02-15,261
ONI,1994-02-15,133
ONI,1995-02-15,155
ONI,1996-02-15,208
ONI,1997-02-15,232
ONI,1998-02-15,221
ONI,1999-02-15,37
ONI,2000-02-15,69
ONI,2001-02-15,308
ONI,2002-02-15,21
ONI,2003-02-15,287
ONI,2004-02-15,127
ONI,2005-02-15,70
ONI,2006-02-15,323
ONI,2007-02-15,184
ONI,2008-02-15,57
ONI,2009-02-15,355
ONI,2010-02-15,141
ONI,2011-02-15,386
ONI,2012-02-15,333
ONI,2013-02-15,188
ONI,2014-02-15,158
ONI,2015-02-15,79
ONI,2016-02-15,309
ONI,2017-02-15,104
ONI,2018-02-15,263
ONI,1959-03-15,135
ONI,1960-03-15,133
ONI,1961-03-15,91
ONI,1962-03-15,244
ONI,1963-03-15,129
ONI,1964-03-15,105
ONI,1965-03-15,144
ONI,1966-03-15,495
ONI,1967-03-15,61
ONI,1968-03-15,8
ONI,1969-03-15,69
ONI,1970-03-15,175
ONI,1971-03-15,0
ONI,1972-03-15,262
ONI,1973-03-15,454
ONI,1974-03-15,182
ONI,1975-03-15,891
ONI,1976-03-15,279
ONI,1977-03-15,951
ONI,1978-03-15,81
ONI,1979-03-15,417
ONI,1980-03-15,226
ONI,1981-03-15,541
ONI,1982-03-15,640
ONI,1983-03-15,479
ONI,1984-03-15,353
ONI,1985-03-15,558
ONI,1986-03-15,321
ONI,1987-03-15,525
ONI,1988-03-15,55
ONI,1989-03-15,402
ONI,1990-03-15,480
ONI,1991-03-15,110
ONI,1992-03-15,209
ONI,1993-03-15,265
ONI,1994-03-15,144
ONI,1995-03-15,422
ONI,1996-03-15,203
ONI,1997-03-15,115
ONI,1998-03-15,460
ONI,1999-03-15,138
ONI,2000-03-15,302
ONI,2001-03-15,46
ONI,2002-03-15,188
ONI,2003-03-15,110
ONI,2004-03-15,666
ONI,2005-03-15,120
ONI,2006-03-15,282
ONI,2007-03-15,787
ONI,2008-03-15,227
ONI,2009-03-15,268
ONI,2010-03-15,406
ONI,2011-03-15,283
ONI,2012-03-15,21
ONI,2013-03-15,84
ONI,2014-03-15,284
ONI,2015-03-15,29
ONI,2016-03-15,235
ONI,2017-03-15,123
ONI,2018-03-15,202
ONI,1959-04-15,117
ONI,1960-04-15,921
ONI,1961-04-15,237
ONI,1962-04-15,56
ONI,1963-04-15,714
ONI,1964-04-15,1311
ONI,1965-04-15,788
ONI,1966-04-15,480
ONI,1967-04-15,137
ONI,1968-04-15,1264
ONI,1969-04-15,58
ONI,1970-04-15,789
ONI,1971-04-15,869
ONI,1972-04-15,359
ONI,1973-04-15,401
ONI,1974-04-15,550
ONI,1975-04-15,491
ONI,1976-04-15,489
ONI,1977-04-15,237
ONI,1978-04-15,769
ONI,1979-04-15,423
ONI,1980-04-15,38
ONI,1981-04-15,79
ONI,1982-04-15,334
ONI,1983-04-15,258
ONI,1984-04-15,693
ONI,1985-04-15,279
ONI,1986-04-15,1389
ONI,1987-04-15,67
ONI,1988-04-15,171
ONI,1989-04-15,705
ONI,1990-04-15,664
ONI,1991-04-15,925
ONI,1992-04-15,137
ONI,1993-04-15,322
ONI,1994-04-15,488
ONI,1995-04-15,1223
ONI,1996-04-15,147
ONI,1997-04-15,592
ONI,1998-04-15,284
ONI,1999-04-15,690
ONI,2000-04-15,587
ONI,2001-04-15,792
ONI,2002-04-15,191
ONI,2003-04-15,544
ONI,2004-04-15,114
ONI,2005-04-15,364
ONI,2006-04-15,431
ONI,2007-04-15,718
ONI,2008-04-15,174
ONI,2009-04-15,324
ONI,2010-04-15,552
ONI,2011-04-15,407
ONI,2012-04-15,757
ONI,2013-04-15,509
ONI,2014-04-15,594
ONI,2015-04-15,118
ONI,2016-04-15,1339
ONI,2017-04-15,393
ONI,2018-04-15,506
ONI,1959-05-15,904
ONI,1960-05-15,734
ONI,1961-05-15,1224
ONI,1962-05-15,1795
ONI,1963-05-15,591
ONI,1964-05-15,703
ONI,1965-05-15,964
ONI,1966-05-15,308
ONI,1967-05-15,438
ONI,1968-05-15,446
ONI,1969-05-15,326
ONI,1970-05-15,1051
ONI,1971-05-15,728
ONI,1972-05-15,1015
ONI,1973-05-15,469
ONI,1974-05-15,859
ONI,1975-05-15,483
ONI,1976-05-15,221
ONI,1977-05-15,432
ONI,1978-05-15,479
ONI,1979-05-15,538
ONI,1980-05-15,121
ONI,1981-05-15,957
ONI,1982-05-15,1402
ONI,1983-05-15,953
ONI,1984-05-15,624
ONI,1985-05-15,277
ONI,1986-05-15,863
ONI,1987-05-15,937
ONI,1988-05-15,558
ONI,1989-05-15,267
ONI,1990-05-15,561
ONI,1991-05-15,1333
ONI,1992-05-15,376
ONI,1993-05-15,515
ONI,1994-05-15,488
ONI,1995-05-15,1386
ONI,1996-05-15,1339
ONI,1997-05-15,825
ONI,1998-05-15,712
ONI,1999-05-15,1078
ONI,2000-05-15,1147
ONI,2001-05-15,730
ONI,2002-05-15,213
ONI,2003-05-15,1136
ONI,2004-05-15,941
ONI,2005-05-15,969
ONI,2006-05-15,156
ONI,2007-05-15,1002
ONI,2008-05-15,509
ONI,2009-05-15,226
ONI,2010-05-15,1044
ONI,2011-05-15,819
ONI,2012-05-15,612
ONI,2013-05-15,1592
ONI,2014-05-15,638
ONI,2015-05-15,1389
ONI,2016-05-15,435
ONI,2017-05-15,202
ONI,2018-05-15,587
ONI,1959-06-15,282
ONI,1960-06-15,630
ONI,1961-06-15,142
ONI,1962-06-15,1539
ONI,1963-06-15,732
ONI,1964-06-15,1221
ONI,1965-06-15,439
ONI,1966-06-15,248
ONI,1967-06-15,1138
ONI,1968-06-15,1693
ONI,1969-06-15,1150
ONI,1970-06-15,706
ONI,1971-06-15,1050
ONI,1972-06-15,620
ONI,1973-06-15,588
ONI,1974-06-15,145
ONI,1975-06-15,937
ONI,1976-06-15,209
ONI,1977-06-15,716
ONI,1978-06-15,1137
ONI,1979-06-15,726
ONI,1980-06-15,543
ONI,1981-06-15,570
ONI,1982-06-15,636
ONI,1983-06-15,963
ONI,1984-06-15,1609
ONI,1985-06-15,355
ONI,1986-06-15,709
ONI,1987-06-15,587
ONI,1988-06-15,402
ONI,1989-06-15,282
ONI,1990-06-15,770
ONI,1991-06-15,1425
ONI,1992-06-15,1078
ONI,1993-06-15,1237
ONI,1994-06-15,461
ONI,1995-06-15,982
ONI,1996-06-15,241
ONI,1997-06-15,1443
ONI,1998-06-15,1499
ONI,1999-06-15,1106
ONI,2000-06-15,679
ONI,2001-06-15,523
ONI,2002-06-15,569
ONI,2003-06-15,811
ONI,2004-06-15,820
ONI,2005-06-15,936
ONI,2006-06-15,343
ONI,2007-06-15,1643
ONI,2008-06-15,1275
ONI,2009-06-15,550
ONI,2010-06-15,984
ONI,2011-06-15,1538
ONI,2012-06-15,865
ONI,2013-06-15,391
ONI,2014-06-15,1364
ONI,2015-06-15,842
ONI,2016-06-15,566
ONI,2017-06-15,737
ONI,2018-06-15,1643
ONI,1959-07-15,289
ONI,1960-07-15,280
ONI,1961-07-15,678
ONI,1962-07-15,828
ONI,1963-07-15,958
ONI,1964-07-15,351
ONI,1965-07-15,133
ONI,1966-07-15,1022
ONI,1967-07-15,224
ONI,1968-07-15,384
ONI,1969-07-15,704
ONI,1970-07-15,295
ONI,1971-07-15,185
ONI,1972-07-15,1333
ONI,1973-07-15,701
ONI,1974-07-15,417
ONI,1975-07-15,378
ONI,1976-07-15,152
ONI,1977-07-15,434
ONI,1978-07-15,862
ONI,1979-07-15,866
ONI,1980-07-15,507
ONI,1981-07-15,1881
ONI,1982-07-15,447
ONI,1983-07-15,1460
ONI,1984-07-15,544
ONI,1985-07-15,537
ONI,1986-07-15,879
ONI,1987-07-15,224
ONI,1988-07-15,556
ONI,1989-07-15,790
ONI,1990-07-15,593
ONI,1991-07-15,268
ONI,1992-07-15,1129
ONI,1993-07-15,1140
ONI,1994-07-15,812
ONI,1995-07-15,668
ONI,1996-07-15,486
ONI,1997-07-15,965
ONI,1998-07-15,290
ONI,1999-07-15,690
ONI,2000-07-15,294
ONI,2001-07-15,1010
ONI,2002-07-15,515
ONI,2003-07-15,681
ONI,2004-07-15,691
ONI,2005-07-15,361
ONI,2006-07-15,74
ONI,2007-07-15,142
ONI,2008-07-15,676
ONI,2009-07-15,771
ONI,2010-07-15,501
ONI,2011-07-15,899
ONI,2012-07-15,406
ONI,2013-07-15,1101
ONI,2014-07-15,237
ONI,2015-07-15,343
ONI,2016-07-15,764
ONI,2017-07-15,344
ONI,2018-07-15,426
ONI,1959-08-15,183
ONI,1960-08-15,1917
ONI,1961-08-15,123
ONI,1962-08-15,1128
ONI,1963-08-15,109
ONI,1964-08-15,277
ONI,1965-08-15,334
ONI,1966-08-15,1278
ONI,1967-08-15,368
ONI,1968-08-15,690
ONI,1969-08-15,350
ONI,1970-08-15,651
ONI,1971-08-15,742
ONI,1972-08-15,178
ONI,1973-08-15,506
ONI,1974-08-15,283
ONI,1975-08-15,581
ONI,1976-08-15,177
ONI,1977-08-15,437
ONI,1978-08-15,608
ONI,1979-08-15,1184
ONI,1980-08-15,423
ONI,1981-08-15,557
ONI,1982-08-15,418
ONI,1983-08-15,355
ONI,1984-08-15,552
ONI,1985-08-15,705
ONI,1986-08-15,226
ONI,1987-08-15,659
ONI,1988-08-15,923
ONI,1989-08-15,341
ONI,1990-08-15,673
ONI,1991-08-15,348
ONI,1992-08-15,468
ONI,1993-08-15,439
ONI,1994-08-15,192
ONI,1995-08-15,456
ONI,1996-08-15,475
ONI,1997-08-15,646
ONI,1998-08-15,531
ONI,1999-08-15,1284
ONI,2000-08-15,932
ONI,2001-08-15,395
ONI,2002-08-15,1052
ONI,2003-08-15,166
ONI,2004-08-15,890
ONI,2005-08-15,267
ONI,2006-08-15,1499
ONI,2007-08-15,1156
ONI,2008-08-15,174
ONI,2009-08-15,851
ONI,2010-08-15,191
ONI,2011-08-15,460
ONI,2012-08-15,203
ONI,2013-08-15,645
ONI,2014-08-15,672
ONI,2015-08-15,708
ONI,2016-08-15,510
ONI,2017-08-15,1117
ONI,2018-08-15,178
ONI,1959-09-15,1282
ONI,1960-09-15,138
ONI,1961-09-15,560
ONI,1962-09-15,51
ONI,1963-09-15,800
ONI,1964-09-15,82
ONI,1965-09-15,688
ONI,1966-09-15,450
ONI,1967-09-15,345
ONI,1968-09-15,213
ONI,1969-09-15,114
ONI,1970-09-15,83
ONI,1971-09-15,173
ONI,1972-09-15,0
ONI,1973-09-15,486
ONI,1974-09-15,127
ONI,1975-09-15,383
ONI,1976-09-15,269
ONI,1977-09-15,747
ONI,1978-09-15,91
ONI,1979-09-15,18
ONI,1980-09-15,241
ONI,1981-09-15,214
ONI,1982-09-15,246
ONI,1983-09-15,277
ONI,1984-09-15,219
ONI,1985-09-15,504
ONI,1986-09-15,430
ONI,1987-09-15,163
ONI,1988-09-15,172
ONI,1989-09-15,1007
ONI,1990-09-15,262
ONI,1991-09-15,199
ONI,1992-09-15,235
ONI,1993-09-15,516
ONI,1994-09-15,406
ONI,1995-09-15,359
ONI,1996-09-15,1509
ONI,1997-09-15,462
ONI,1998-09-15,33
ONI,1999-09-15,1940
ONI,2000-09-15,49
ONI,2001-09-15,333
ONI,2002-09-15,458
ONI,2003-09-15,341
ONI,2004-09-15,855
ONI,2005-09-15,206
ONI,2006-09-15,573
ONI,2007-09-15,333
ONI,2008-09-15,513
ONI,2009-09-15,48
ONI,2010-09-15,959
ONI,2011-09-15,245
ONI,2012-09-15,5
ONI,2013-09-15,316
ONI,2014-09-15,190
ONI,2015-09-15,486
ONI,2016-09-15,499
ONI,2017-09-15,482
ONI,2018-09-15,583
ONI,1958-10-15,89
ONI,1959-10-15,148
ONI,1960-10-15,92
ONI,1961-10-15,117
ONI,1962-10-15,43
ONI,1963-10-15,295
ONI,1964-10-15,8
ONI,1965-10-15,130
ONI,1966-10-15,294
ONI,1967-10-15,122
ONI,1968-10-15,94
ONI,1969-10-15,475
ONI,1970-10-15,269
ONI,1971-10-15,685
ONI,1972-10-15,391
ONI,1973-10-15,515
ONI,1974-10-15,170
ONI,1975-10-15,188
ONI,1976-10-15,102
ONI,1977-10-15,503
ONI,1978-10-15,26
ONI,1979-10-15,327
ONI,1980-10-15,922
ONI,1981-10-15,272
ONI,1982-10-15,1144
ONI,1983-10-15,275
ONI,1984-10-15,434
ONI,1985-10-15,350
ONI,1986-10-15,201
ONI,1987-10-15,33
ONI,1988-10-15,44
ONI,1989-10-15,231
ONI,1990-10-15,140
ONI,1991-10-15,457
ONI,1992-10-15,79
ONI,1993-10-15,248
ONI,1994-10-15,1012
ONI,1995-10-15,762
ONI,1996-10-15,490
ONI,1997-10-15,655
ONI,1998-10-15,791
ONI,1999-10-15,247
ONI,2000-10-15,359
ONI,2001-10-15,473
ONI,2002-10-15,168
ONI,2003-10-15,138
ONI,2004-10-15,589
ONI,2005-10-15,144
ONI,2006-10-15,29
ONI,2007-10-15,1245
ONI,2008-10-15,405
ONI,2009-10-15,1055
ONI,2010-10-15,240
ONI,2011-10-15,945
ONI,2012-10-15,86
ONI,2013-10-15,1796
ONI,2014-10-15,149
ONI,2015-10-15,343
ONI,2016-10-15,183
ONI,2017-10-15,241
ONI,2018-10-15,282
ONI,1958-11-15,119
ONI,1959-11-15,89
ONI,1960-11-15,105
ONI,1961-11-15,10
ONI,1962-11-15,39
ONI,1963-11-15,13
ONI,1964-11-15,30
ONI,1965-11-15,61
ONI,1966-11-15,251
ONI,1967-11-15,0
ONI,1968-11-15,53
ONI,1969-11-15,15
ONI,1970-11-15,328
ONI,1971-11-15,510
ONI,1972-11-15,142
ONI,1973-11-15,191
ONI,1974-11-15,76
ONI,1975-11-15,50
ONI,1976-11-15,25
ONI,1977-11-15,574
ONI,1978-11-15,200
ONI,1979-11-15,94
ONI,1980-11-15,79
ONI,1981-11-15,278
ONI,1982-11-15,195
ONI,1983-11-15,283
ONI,1984-11-15,66
ONI,1985-11-15,584
ONI,1986-11-15,266
ONI,1987-11-15,25
ONI,1988-11-15,163
ONI,1989-11-15,191
ONI,1990-11-15,64
ONI,1991-11-15,144
ONI,1992-11-15,376
ONI,1993-11-15,346
ONI,1994-11-15,207
ONI,1995-11-15,226
ONI,1996-11-15,211
ONI,1997-11-15,66
ONI,1998-11-15,338
ONI,1999-11-15,3
ONI,2000-11-15,288
ONI,2001-11-15,445
ONI,2002-11-15,16
ONI,2003-11-15,219
ONI,2004-11-15,79
ONI,2005-11-15,282
ONI,2006-11-15,64
ONI,2007-11-15,11
ONI,2008-11-15,232
ONI,2009-11-15,28
ONI,2010-11-15,67
ONI,2011-11-15,79
ONI,2012-11-15,66
ONI,2013-11-15,89
ONI,2014-11-15,140
ONI,2015-11-15,256
ONI,2016-11-15,255
ONI,2017-11-15,58
ONI,1958-12-15,35
ONI,1959-12-15,38
ONI,1960-12-15,257
ONI,1961-12-15,92
ONI,1962-12-15,53
ONI,1963-12-15,45
ONI,1964-12-15,105
ONI,1965-12-15,145
ONI,1966-12-15,40
ONI,1967-12-15,50
ONI,1968-12-15,462
ONI,1969-12-15,80
ONI,1970-12-15,127
ONI,1971-12-15,69
ONI,1972-12-15,393
ONI,1973-12-15,41
ONI,1974-12-15,13
ONI,1975-12-15,203
ONI,1976-12-15,151
ONI,1977-12-15,194
ONI,1978-12-15,148
ONI,1979-12-15,0
ONI,1980-12-15,155
ONI,1981-12-15,151
ONI,1982-12-15,44
ONI,1983-12-15,178
ONI,1984-12-15,280
ONI,1985-12-15,203
ONI,1986-12-15,0
ONI,1987-12-15,153
ONI,1988-12-15,223
ONI,1989-12-15,106
ONI,1990-12-15,197
ONI,1991-12-15,33
ONI,1992-12-15,201
ONI,1993-12-15,176
ONI,1994-12-15,211
ONI,1995-12-15,85
ONI,1996-12-15,402
ONI,1997-12-15,65
ONI,1998-12-15,72
ONI,1999-12-15,37
ONI,2000-12-15,73
ONI,2001-12-15,36
ONI,2002-12-15,58
ONI,2003-12-15,70
ONI,2004-12-15,33
ONI,2005-12-15,151
ONI,2006-12-15,206
ONI,2007-12-15,75
ONI,2008-12-15,267
ONI,2009-12-15,155
ONI,2010-12-15,381
ONI,2011-12-15,48
ONI,2012-12-15,85
ONI,2013-12-15,195
ONI,2014-12-15,125
ONI,2015-12-15,314
ONI,2016-12-15,418
ONI,2017-12-15,111
RAP,1959-01-15,100
RAP,1960-01-15,42
RAP,1961-01-15,25
RAP,1962-01-15,130
RAP,1963-01-15,262
RAP,1964-01-15,90
RAP,1965-01-15,156
RAP,1966-01-15,62
RAP,1967-01-15,120
RAP,1968-01-15,109
RAP,1969-01-15,29
RAP,1970-01-15,186
RAP,1971-01-15,302
RAP,1972-01-15,60
RAP,1973-01-15,29
RAP,1974-01-15,40
RAP,1975-01-15,268
RAP,1976-01-15,73
RAP,1977-01-15,211
RAP,1978-01-15,51
RAP,1979-01-15,125
RAP,1980-01-15,52
RAP,1981-01-15,36
RAP,1982-01-15,101
RAP,1983-01-15,87
RAP,1984-01-15,26
RAP,1985-01-15,118
RAP,1986-01-15,126
RAP,1987-01-15,11
RAP,1988-01-15,45
RAP,1989-01-15,6
RAP,1990-01-15,57
RAP,1991-01-15,83
RAP,1992-01-15,73
RAP,1993-01-15,173
RAP,1994-01-15,116
RAP,1995-01-15,24
RAP,1996-01-15,217
RAP,1997-01-15,165
RAP,1998-01-15,39
RAP,1999-01-15,55
RAP,2000-01-15,59
RAP,2001-01-15,61
RAP,2002-01-15,14
RAP,2003-01-15,86
RAP,2004-01-15,8
RAP,2005-01-15,140
RAP,2006-01-15,36
RAP,2007-01-15,31
RAP,2008-01-15,87
RAP,2009-01-15,94
RAP,2010-01-15,51
RAP,2011-01-15,138
RAP,2012-01-15,80
RAP,2013-01-15,110
RAP,2014-01-15,52
RAP,2015-01-15,47
RAP,2016-01-15,54
RAP,2017-01-15,90
RAP,2018-01-15,43
RAP,1959-02-15,160
RAP,1960-02-15,219
RAP,1961-02-15,56
RAP,1962-02-15,250
RAP,1963-02-15,233
RAP,1964-02-15,211
RAP,1965-02-15,56
RAP,1966-02-15,256
RAP,1967-02-15,151
RAP,1968-02-15,90
RAP,1969-02-15,186
RAP,1970-02-15,138
RAP,1971-02-15,255
RAP,1972-02-15,113
RAP,1973-02-15,79
RAP,1974-02-15,78
RAP,1975-02-15,90
RAP,1976-02-15,120
RAP,1977-02-15,64
RAP,1978-02-15,215
RAP,1979-02-15,85
RAP,1980-02-15,131
RAP,1981-02-15,23
RAP,1982-02-15,94
RAP,1983-02-15,47
RAP,1984-02-15,47
RAP,1985-02-15,17
RAP,1986-02-15,235
RAP,1987-02-15,434
RAP,1988-02-15,88
RAP,1989-02-15,89
RAP,1990-02-15,94
RAP,1991-02-15,196
RAP,1992-02-15,41
RAP,1993-02-15,156
RAP,1994-02-15,169
RAP,1995-02-15,141
RAP,1996-02-15,26
RAP,1997-02-15,72
RAP,1998-02-15,317
RAP,1999-02-15,6
RAP,2000-02-15,38
RAP,2001-02-15,44
RAP,2002-02-15,51
RAP,2003-02-15,58
RAP,2004-02-15,238
RAP,2005-02-15,41
RAP,2006-02-15,51
RAP,2007-02-15,202
RAP,2008-02-15,131
RAP,2009-02-15,197
RAP,2010-02-15,59
RAP,2011-02-15,295
RAP,2012-02-15,97
RAP,2013-02-15,46
RAP,2014-02-15,70
RAP,2015-02-15,63
RAP,2016-02-15,163
RAP,2017-02-15,119
RAP,2018-02-15,202
RAP,1959-03-15,154
RAP,1960-03-15,199
RAP,1961-03-15,190
RAP,1962-03-15,324
RAP,1963-03-15,407
RAP,1964-03-15,160
RAP,1965-03-15,118
RAP,1966-03-15,452
RAP,1967-03-15,209
RAP,1968-03-15,54
RAP,1969-03-15,169
RAP,1970-03-15,378
RAP,1971-03-15,319
RAP,1972-03-15,121
RAP,1973-03-15,688
RAP,1974-03-15,88
RAP,1975-03-15,622
RAP,1976-03-15,84
RAP,1977-03-15,669
RAP,1978-03-15,103
RAP,1979-03-15,119
RAP,1980-03-15,219
RAP,1981-03-15,32
RAP,1982-03-15,343
RAP,1983-03-15,215
RAP,1984-03-15,177
RAP,1985-03-15,394
RAP,1986-03-15,223
RAP,1987-03-15,290
RAP,1988-03-15,132
RAP,1989-03-15,244
RAP,1990-03-15,298
RAP,1991-03-15,161
RAP,1992-03-15,488
RAP,1993-03-15,211
RAP,1994-03-15,95
RAP,1995-03-15,201
RAP,1996-03-15,269
RAP,1997-03-15,52
RAP,1998-03-15,337
RAP,1999-03-15,338
RAP,2000-03-15,348
RAP,2001-03-15,107
RAP,2002-03-15,176
RAP,2003-03-15,266
RAP,2004-03-15,250
RAP,2005-03-15,280
RAP,2006-03-15,306
RAP,2007-03-15,124
RAP,2008-03-15,152
RAP,2009-03-15,527
RAP,2010-03-15,44
RAP,2011-03-15,234
RAP,2012-03-15,13
RAP,2013-03-15,209
RAP,2014-03-15,279
RAP,2015-03-15,25
RAP,2016-03-15,278
RAP,2017-03-15,135
RAP,2018-03-15,344
RAP,1959-04-15,480
RAP,1960-04-15,307
RAP,1961-04-15,389
RAP,1962-04-15,177
RAP,1963-04-15,968
RAP,1964-04-15,316
RAP,1965-04-15,381
RAP,1966-04-15,636
RAP,1967-04-15,1311
RAP,1968-04-15,463
RAP,1969-04-15,407
RAP,1970-04-15,1177
RAP,1971-04-15,727
RAP,1972-04-15,707
RAP,1973-04-15,684
RAP,1974-04-15,395
RAP,1975-04-15,350
RAP,1976-04-15,688
RAP,1977-04-15,400
RAP,1978-04-15,557
RAP,1979-04-15,81
RAP,1980-04-15,287
RAP,1981-04-15,82
RAP,1982-04-15,176
RAP,1983-04-15,253
RAP,1984-04-15,787
RAP,1985-04-15,80
RAP,1986-04-15,1205
RAP,1987-04-15,5
RAP,1988-04-15,153
RAP,1989-04-15,373
RAP,1990-04-15,197
RAP,1991-04-15,760
RAP,1992-04-15,182
RAP,1993-04-15,776
RAP,1994-04-15,305
RAP,1995-04-15,655
RAP,1996-04-15,415
RAP,1997-04-15,1220
RAP,1998-04-15,72
RAP,1999-04-15,624
RAP,2000-04-15,1004
RAP,2001-04-15,548
RAP,2002-04-15,570
RAP,2003-04-15,520
RAP,2004-04-15,128
RAP,2005-04-15,371
RAP,2006-04-15,530
RAP,2007-04-15,336
RAP,2008-04-15,350
RAP,2009-04-15,927
RAP,2010-04-15,770
RAP,2011-04-15,391
RAP,2012-04-15,783
RAP,2013-04-15,770
RAP,2014-04-15,578
RAP,2015-04-15,168
RAP,2016-04-15,470
RAP,2017-04-15,450
RAP,2018-04-15,434
RAP,1959-05-15,828
RAP,1960-05-15,567
RAP,1961-05-15,328
RAP,1962-05-15,1755
RAP,1963-05-15,300
RAP,1964-05-15,641
RAP,1965-05-15,1771
RAP,1966-05-15,83
RAP,1967-05-15,814
RAP,1968-05-15,429
RAP,1969-05-15,560
RAP,1970-05-15,612
RAP,1971-05-15,940
RAP,1972-05-15,834
RAP,1973-05-15,603
RAP,1974-05-15,336
RAP,1975-05-15,313
RAP,1976-05-15,696
RAP,1977-05-15,633
RAP,1978-05-15,795
RAP,1979-05-15,297
RAP,1980-05-15,402
RAP,1981-05-15,715
RAP,1982-05-15,1651
RAP,1983-05-15,555
RAP,1984-05-15,397
RAP,1985-05-15,315
RAP,1986-05-15,363
RAP,1987-05-15,862
RAP,1988-05-15,826
RAP,1989-05-15,355
RAP,1990-05-15,1238
RAP,1991-05-15,1121
RAP,1992-05-15,627
RAP,1993-05-15,549
RAP,1994-05-15,374
RAP,1995-05-15,1024
RAP,1996-05-15,2080
RAP,1997-05-15,1359
RAP,1998-05-15,596
RAP,1999-05-15,1142
RAP,2000-05-15,608
RAP,2001-05-15,440
RAP,2002-05-15,410
RAP,2003-05-15,335
RAP,2004-05-15,648
RAP,2005-05-15,1346
RAP,2006-05-15,463
RAP,2007-05-15,745
RAP,2008-05-15,1839
RAP,2009-05-15,240
RAP,2010-05-15,1319
RAP,2011-05-15,1493
RAP,2012-05-15,539
RAP,2013-05-15,803
RAP,2014-05-15,391
RAP,2015-05-15,1742
RAP,2016-05-15,214
RAP,2017-05-15,296
RAP,2018-05-15,1026
RAP,1959-06-15,708
RAP,1960-06-15,556
RAP,1961-06-15,193
RAP,1962-06-15,1020
RAP,1963-06-15,1390
RAP,1964-06-15,1190
RAP,1965-06-15,905
RAP,1966-06-15,333
RAP,1967-06-15,1724
RAP,1968-06-15,1780
RAP,1969-06-15,518
RAP,1970-06-15,550
RAP,1971-06-15,488
RAP,1972-06-15,1044
RAP,1973-06-15,163
RAP,1974-06-15,280
RAP,1975-06-15,1430
RAP,1976-06-15,1221
RAP,1977-06-15,448
RAP,1978-06-15,512
RAP,1979-06-15,914
RAP,1980-06-15,1206
RAP,1981-06-15,481
RAP,1982-06-15,736
RAP,1983-06-15,765
RAP,1984-06-15,1200
RAP,1985-06-15,402
RAP,1986-06-15,1159
RAP,1987-06-15,349
RAP,1988-06-15,277
RAP,1989-06-15,266
RAP,1990-06-15,362
RAP,1991-06-15,834
RAP,1992-06-15,553
RAP,1993-06-15,862
RAP,1994-06-15,171
RAP,1995-06-15,1144
RAP,1996-06-15,314
RAP,1997-06-15,874
RAP,1998-06-15,1422
RAP,1999-06-15,1331
RAP,2000-06-15,407
RAP,2001-06-15,906
RAP,2002-06-15,108
RAP,2003-06-15,623
RAP,2004-06-15,258
RAP,2005-06-15,313
RAP,2006-06-15,237
RAP,2007-06-15,246
RAP,2008-06-15,792
RAP,2009-06-15,721
RAP,2010-06-15,1160
RAP,2011-06-15,976
RAP,2012-06-15,518
RAP,2013-06-15,550
RAP,2014-06-15,1333
RAP,2015-06-15,1810
RAP,2016-06-15,311
RAP,2017-06-15,445
RAP,2018-06-15,1540
RAP,1959-07-15,170
RAP,1960-07-15,178
RAP,1961-07-15,535
RAP,1962-07-15,1152
RAP,1963-07-15,517
RAP,1964-07-15,196
RAP,1965-07-15,154
RAP,1966-07-15,998
RAP,1967-07-15,272
RAP,1968-07-15,621
RAP,1969-07-15,1557
RAP,1970-07-15,265
RAP,1971-07-15,371
RAP,1972-07-15,425
RAP,1973-07-15,371
RAP,1974-07-15,174
RAP,1975-07-15,400
RAP,1976-07-15,266
RAP,1977-07-15,758
RAP,1978-07-15,1038
RAP,1979-07-15,1045
RAP,1980-07-15,454
RAP,1981-07-15,1137
RAP,1982-07-15,462
RAP,1983-07-15,493
RAP,1984-07-15,398
RAP,1985-07-15,263
RAP,1986-07-15,232
RAP,1987-07-15,212
RAP,1988-07-15,96
RAP,1989-07-15,209
RAP,1990-07-15,494
RAP,1991-07-15,501
RAP,1992-07-15,830
RAP,1993-07-15,1097
RAP,1994-07-15,164
RAP,1995-07-15,730
RAP,1996-07-15,131
RAP,1997-07-15,933
RAP,1998-07-15,321
RAP,1999-07-15,936
RAP,2000-07-15,525
RAP,2001-07-15,625
RAP,2002-07-15,289
RAP,2003-07-15,123
RAP,2004-07-15,753
RAP,2005-07-15,235
RAP,2006-07-15,194
RAP,2007-07-15,305
RAP,2008-07-15,561
RAP,2009-07-15,449
RAP,2010-07-15,422
RAP,2011-07-15,169
RAP,2012-07-15,398
RAP,2013-07-15,475
RAP,2014-07-15,493
RAP,2015-07-15,1019
RAP,2016-07-15,720
RAP,2017-07-15,272
RAP,2018-07-15,1528
RAP,1959-08-15,91
RAP,1960-08-15,316
RAP,1961-08-15,109
RAP,1962-08-15,262
RAP,1963-08-15,336
RAP,1964-08-15,476
RAP,1965-08-15,373
RAP,1966-08-15,824
RAP,1967-08-15,241
RAP,1968-08-15,626
RAP,1969-08-15,78
RAP,1970-08-15,170
RAP,1971-08-15,132
RAP,1972-08-15,633
RAP,1973-08-15,189
RAP,1974-08-15,347
RAP,1975-08-15,221
RAP,1976-08-15,336
RAP,1977-08-15,455
RAP,1978-08-15,362
RAP,1979-08-15,590
RAP,1980-08-15,604
RAP,1981-08-15,442
RAP,1982-08-15,1228
RAP,1983-08-15,607
RAP,1984-08-15,254
RAP,1985-08-15,474
RAP,1986-08-15,335
RAP,1987-08-15,603
RAP,1988-08-15,503
RAP,1989-08-15,434
RAP,1990-08-15,475
RAP,1991-08-15,146
RAP,1992-08-15,120
RAP,1993-08-15,300
RAP,1994-08-15,235
RAP,1995-08-15,117
RAP,1996-08-15,469
RAP,1997-08-15,999
RAP,1998-08-15,361
RAP,1999-08-15,120
RAP,2000-08-15,178
RAP,2001-08-15,405
RAP,2002-08-15,193
RAP,2003-08-15,120
RAP,2004-08-15,202
RAP,2005-08-15,458
RAP,2006-08-15,449
RAP,2007-08-15,718
RAP,2008-08-15,362
RAP,2009-08-15,377
RAP,2010-08-15,338
RAP,2011-08-15,447
RAP,2012-08-15,148
RAP,2013-08-15,612
RAP,2014-08-15,1022
RAP,2015-08-15,867
RAP,2016-08-15,580
RAP,2017-08-15,525
RAP,2018-08-15,271
RAP,1959-09-15,603
RAP,1960-09-15,173
RAP,1961-09-15,251
RAP,1962-09-15,170
RAP,1963-09-15,307
RAP,1964-09-15,175
RAP,1965-09-15,371
RAP,1966-09-15,721
RAP,1967-09-15,535
RAP,1968-09-15,226
RAP,1969-09-15,91
RAP,1970-09-15,399
RAP,1971-09-15,589
RAP,1972-09-15,62
RAP,1973-09-15,367
RAP,1974-09-15,224
RAP,1975-09-15,8
RAP,1976-09-15,72
RAP,1977-09-15,727
RAP,1978-09-15,47
RAP,1979-09-15,18
RAP,1980-09-15,122
RAP,1981-09-15,42
RAP,1982-09-15,683
RAP,1983-09-15,83
RAP,1984-09-15,187
RAP,1985-09-15,400
RAP,1986-09-15,800
RAP,1987-09-15,174
RAP,1988-09-15,143
RAP,1989-09-15,786
RAP,1990-09-15,620
RAP,1991-09-15,149
RAP,1992-09-15,107
RAP,1993-09-15,372
RAP,1994-09-15,69
RAP,1995-09-15,220
RAP,1996-09-15,395
RAP,1997-09-15,198
RAP,1998-09-15,381
RAP,1999-09-15,216
RAP,2000-09-15,115
RAP,2001-09-15,232
RAP,2002-09-15,623
RAP,2003-09-15,349
RAP,2004-09-15,518
RAP,2005-09-15,146
RAP,2006-09-15,508
RAP,2007-09-15,211
RAP,2008-09-15,221
RAP,2009-09-15,484
RAP,2010-09-15,384
RAP,2011-09-15,191
RAP,2012-09-15,35
RAP,2013-09-15,301
RAP,2014-09-15,806
RAP,2015-09-15,64
RAP,2016-09-15,213
RAP,2017-09-15,292
RAP,2018-09-15,496
RAP,1958-10-15,57
RAP,1959-10-15,57
RAP,1960-10-15,0
RAP,1961-10-15,239
RAP,1962-10-15,414
RAP,1963-10-15,196
RAP,1964-10-15,127
RAP,1965-10-15,145
RAP,1966-10-15,380
RAP,1967-10-15,71
RAP,1968-10-15,36
RAP,1969-10-15,215
RAP,1970-10-15,312
RAP,1971-10-15,514
RAP,1972-10-15,195
RAP,1973-10-15,351
RAP,1974-10-15,299
RAP,1975-10-15,175
RAP,1976-10-15,54
RAP,1977-10-15,271
RAP,1978-10-15,67
RAP,1979-10-15,230
RAP,1980-10-15,579
RAP,1981-10-15,458
RAP,1982-10-15,971
RAP,1983-10-15,443
RAP,1984-10-15,171
RAP,1985-10-15,249
RAP,1986-10-15,418
RAP,1987-10-15,66
RAP,1988-10-15,193
RAP,1989-10-15,379
RAP,1990-10-15,157
RAP,1991-10-15,256
RAP,1992-10-15,173
RAP,1993-10-15,230
RAP,1994-10-15,722
RAP,1995-10-15,615
RAP,1996-10-15,681
RAP,1997-10-15,120
RAP,1998-10-15,1425
RAP,1999-10-15,28
RAP,2000-10-15,390
RAP,2001-10-15,247
RAP,2002-10-15,166
RAP,2003-10-15,126
RAP,2004-10-15,326
RAP,2005-10-15,213
RAP,2006-10-15,88
RAP,2007-10-15,150
RAP,2008-10-15,374
RAP,2009-10-15,502
RAP,2010-10-15,80
RAP,2011-10-15,351
RAP,2012-10-15,112
RAP,2013-10-15,1402
RAP,2014-10-15,137
RAP,2015-10-15,333
RAP,2016-10-15,117
RAP,2017-10-15,147
RAP,2018-10-15,234
RAP,1958-11-15,107
RAP,1959-11-15,302
RAP,1960-11-15,99
RAP,1961-11-15,92
RAP,1962-11-15,21
RAP,1963-11-15,32
RAP,1964-11-15,78
RAP,1965-11-15,38
RAP,1966-11-15,242
RAP,1967-11-15,71
RAP,1968-11-15,118
RAP,1969-11-15,90
RAP,1970-11-15,205
RAP,1971-11-15,201
RAP,1972-11-15,97
RAP,1973-11-15,186
RAP,1974-11-15,31
RAP,1975-11-15,145
RAP,1976-11-15,155
RAP,1977-11-15,210
RAP,1978-11-15,160
RAP,1979-11-15,38
RAP,1980-11-15,144
RAP,1981-11-15,59
RAP,1982-11-15,69
RAP,1983-11-15,272
RAP,1984-11-15,129
RAP,1985-11-15,564
RAP,1986-11-15,355
RAP,1987-11-15,76
RAP,1988-11-15,207
RAP,1989-11-15,110
RAP,1990-11-15,112
RAP,1991-11-15,186
RAP,1992-11-15,102
RAP,1993-11-15,179
RAP,1994-11-15,168
RAP,1995-11-15,107
RAP,1996-11-15,19
RAP,1997-11-15,50
RAP,1998-11-15,288
RAP,1999-11-15,109
RAP,2000-11-15,120
RAP,2001-11-15,18
RAP,2002-11-15,10
RAP,2003-11-15,128
RAP,2004-11-15,3
RAP,2005-11-15,64
RAP,2006-11-15,121
RAP,2007-11-15,8
RAP,2008-11-15,259
RAP,2009-11-15,43
RAP,2010-11-15,108
RAP,2011-11-15,182
RAP,2012-11-15,115
RAP,2013-11-15,96
RAP,2014-11-15,207
RAP,2015-11-15,118
RAP,2016-11-15,59
RAP,2017-11-15,37
RAP,1958-12-15,94
RAP,1959-12-15,67
RAP,1960-12-15,204
RAP,1961-12-15,129
RAP,1962-12-15,49
RAP,1963-12-15,83
RAP,1964-12-15,198
RAP,1965-12-15,30
RAP,1966-12-15,201
RAP,1967-12-15,228
RAP,1968-12-15,149
RAP,1969-12-15,145
RAP,1970-12-15,155
RAP,1971-12-15,40
RAP,1972-12-15,88
RAP,1973-12-15,137
RAP,1974-12-15,32
RAP,1975-12-15,420
RAP,1976-12-15,105
RAP,1977-12-15,93
RAP,1978-12-15,64
RAP,1979-12-15,18
RAP,1980-12-15,169
RAP,1981-12-15,89
RAP,1982-12-15,92
RAP,1983-12-15,121
RAP,1984-12-15,98
RAP,1985-12-15,198
RAP,1986-12-15,3
RAP,1987-12-15,79
RAP,1988-12-15,119
RAP,1989-12-15,210
RAP,1990-12-15,84
RAP,1991-12-15,10
RAP,1992-12-15,145
RAP,1993-12-15,134
RAP,1994-12-15,89
RAP,1995-12-15,34
RAP,1996-12-15,437
RAP,1997-12-15,21
RAP,1998-12-15,16
RAP,1999-12-15,53
RAP,2000-12-15,28
RAP,2001-12-15,0
RAP,2002-12-15,9
RAP,2003-12-15,64
RAP,2004-12-15,16
RAP,2005-12-15,64
RAP,2006-12-15,3
RAP,2007-12-15,131
RAP,2008-12-15,95
RAP,2009-12-15,185
RAP,2010-12-15,155
RAP,2011-12-15,74
RAP,2012-12-15,63
RAP,2013-12-15,143
RAP,2014-12-15,107
RAP,2015-12-15,161
RAP,2016-12-15,196
RAP,2017-12-15,70
