date,year,month,oel,cot,rap,int,ora
1909-06-01,1909,6,90.9,49,,,
1909-07-01,1909,7,25.1,106.2,,,
1909-08-01,1909,8,45.2,9.9,,,
1909-09-01,1909,9,16,28.8,,,
1909-10-01,1909,10,7.6,6.6,,,
1909-11-01,1909,11,25.4,10.5,,,
1909-12-01,1909,12,25.4,14.8,,,
1910-01-01,1910,1,7.6,16.9,,,
1910-02-01,1910,2,11.7,1.8,,,
1910-03-01,1910,3,25.4,19.3,,,
1910-04-01,1910,4,19.1,26.9,,,
1910-05-01,1910,5,43.5,64.5,,,
1910-06-01,1910,6,63.5,33,,,
1910-07-01,1910,7,78.8,28.3,,,
1910-08-01,1910,8,34.4,12.1,,,
1910-09-01,1910,9,30.4,20.8,,,
1910-10-01,1910,10,26.7,8.1,,,
1910-11-01,1910,11,13.5,13.5,,,
1910-12-01,1910,12,17.7,7.6,,,
1911-01-01,1911,1,7.6,1.3,,,
1911-02-01,1911,2,10.1,15.3,,,
1911-03-01,1911,3,6.4,0,,,
1911-04-01,1911,4,36,21.7,,,
1911-05-01,1911,5,24.6,27.9,,,
1911-06-01,1911,6,57.2,16.3,,,
1911-07-01,1911,7,20.3,15.1,,,
1911-08-01,1911,8,86.1,61.4,,,
1911-09-01,1911,9,35.3,91.2,,,
1911-10-01,1911,10,48.3,29.3,,,
1911-11-01,1911,11,14,18.4,,,
1911-12-01,1911,12,12.7,15.5,,,
1912-01-01,1912,1,43.2,22.1,,,
1912-02-01,1912,2,13,1.3,,,
1912-03-01,1912,3,38.7,7.7,,,
1912-04-01,1912,4,108.2,84.4,,,
1912-05-01,1912,5,35.6,34.3,,,
1912-06-01,1912,6,78.3,24.1,,,
1912-07-01,1912,7,172.5,61.4,,,
1912-08-01,1912,8,46.7,87.5,,,
1912-09-01,1912,9,54.1,33.1,,,
1912-10-01,1912,10,22.8,2.8,,,
1912-11-01,1912,11,19.1,0,,,
1912-12-01,1912,12,0,3,,,
1913-01-01,1913,1,5.1,4.6,,,
1913-02-01,1913,2,12.6,2.6,,,
1913-03-01,1913,3,30.5,10.9,,,
1913-04-01,1913,4,10.2,29.3,,,
1913-05-01,1913,5,88.9,75,,,
1913-06-01,1913,6,92.8,15.1,,,
1913-07-01,1913,7,38.5,20.6,,,
1913-08-01,1913,8,77.6,46.8,,,
1913-09-01,1913,9,58.4,29.2,,,
1913-10-01,1913,10,35.4,19.4,,,
1913-11-01,1913,11,2.5,3.5,,,
1913-12-01,1913,12,24.1,10.9,,,
1914-01-01,1914,1,3.8,0.8,,,
1914-02-01,1914,2,23,30,,,
1914-03-01,1914,3,0,8.9,,,
1914-04-01,1914,4,124.5,57.3,,,
1914-05-01,1914,5,126.9,59.7,,,
1914-06-01,1914,6,73.5,41.7,,,
1914-07-01,1914,7,0,26.6,,,
1914-08-01,1914,8,27.2,47.9,,,
1914-09-01,1914,9,22.8,30.2,,,
1914-10-01,1914,10,36.7,56.7,,,
1914-11-01,1914,11,2.5,0.5,,,
1914-12-01,1914,12,10.2,21.3,,,
1915-01-01,1915,1,33,9.9,,,
1915-02-01,1915,2,73,39.9,,,
1915-03-01,1915,3,57,16.3,,,
1915-04-01,1915,4,125.8,71.1,,,
1915-05-01,1915,5,153.3,175.5,,,
1915-06-01,1915,6,267.7,121.7,,,
1915-07-01,1915,7,88.4,116.6,,,
1915-08-01,1915,8,95.5,25.2,,,
1915-09-01,1915,9,181.9,61.5,,,
1915-10-01,1915,10,38.1,22.8,,,
1915-11-01,1915,11,23.1,0,,,
1915-12-01,1915,12,41.8,2.5,,,
1916-01-01,1916,1,12.6,10.2,,,
1916-02-01,1916,2,15.3,0.5,,,
1916-03-01,1916,3,20.6,7.4,,,
1916-04-01,1916,4,8.8,20.8,,,
1916-05-01,1916,5,111.3,98.3,,,
1916-06-01,1916,6,98.9,46.5,,,
1916-07-01,1916,7,52.5,45.9,,,
1916-08-01,1916,8,54.1,56.6,,,
1916-09-01,1916,9,0,4.6,,,
1916-10-01,1916,10,16.5,14.7,,,
1916-11-01,1916,11,31.6,3.9,,,
1916-12-01,1916,12,5,3.6,,,
1917-01-01,1917,1,15.1,39.4,,,
1917-02-01,1917,2,7.5,15.3,,,
1917-03-01,1917,3,33,7.9,,,
1917-04-01,1917,4,77,50.4,,,
1917-05-01,1917,5,112.1,83.9,,,
1917-06-01,1917,6,76.1,15.8,,,
1917-07-01,1917,7,7.1,22.9,,,
1917-08-01,1917,8,10.6,50.8,,,
1917-09-01,1917,9,15.2,30,,,
1917-10-01,1917,10,16.8,3.7,,,
1917-11-01,1917,11,11.4,10,,,
1917-12-01,1917,12,10.1,12.8,,,
1918-01-01,1918,1,15.2,8.6,,,
1918-02-01,1918,2,2.5,3.9,,,
1918-03-01,1918,3,2.5,8.6,,,
1918-04-01,1918,4,74.2,57.6,,,
1918-05-01,1918,5,84.6,70.8,,,
1918-06-01,1918,6,48.4,34.9,,,
1918-07-01,1918,7,57.9,58.4,,,
1918-08-01,1918,8,15.2,87.2,,,
1918-09-01,1918,9,36.2,36.2,,,
1918-10-01,1918,10,7.3,7.3,,,
1918-11-01,1918,11,5.1,2.8,,,
1918-12-01,1918,12,60.9,6.4,,,
1919-01-01,1919,1,0,1.1,,,
1919-02-01,1919,2,33,7.5,,,
1919-03-01,1919,3,29.3,18.1,,,
1919-04-01,1919,4,85.5,95.3,,,
1919-05-01,1919,5,22.8,32.8,,,
1919-06-01,1919,6,12.7,126.4,,,
1919-07-01,1919,7,36.5,39.5,,,
1919-08-01,1919,8,7.8,5.1,,,
1919-09-01,1919,9,6.4,6.4,,,
1919-10-01,1919,10,73.6,51.6,,,
1919-11-01,1919,11,35.6,18.2,,,
1919-12-01,1919,12,6.6,5.1,,,
1920-01-01,1920,1,15.3,6.9,,,
1920-02-01,1920,2,17.7,13.7,,,
1920-03-01,1920,3,17.8,14.8,,,
1920-04-01,1920,4,42.7,71.2,,,
1920-05-01,1920,5,204.9,140.6,,,
1920-06-01,1920,6,110.6,102.2,,,
1920-07-01,1920,7,40.1,17.1,,,
1920-08-01,1920,8,32.8,47.6,,,
1920-09-01,1920,9,0,41.4,,,
1920-10-01,1920,10,29.8,23.7,,,
1920-11-01,1920,11,26.7,9.2,,,
1920-12-01,1920,12,27.9,4.6,,,
1921-01-01,1921,1,37.4,4.4,,,
1921-02-01,1921,2,21.2,2.5,,,
1921-03-01,1921,3,0.5,4.3,,,
1921-04-01,1921,4,12.2,10.3,,,
1921-05-01,1921,5,86.9,73.8,,,
1921-06-01,1921,6,70.3,19.7,,,
1921-07-01,1921,7,41.8,90.9,,,
1921-08-01,1921,8,16.5,27.9,,,
1921-09-01,1921,9,8.9,10.5,,,
1921-10-01,1921,10,34.8,19.8,,,
1921-11-01,1921,11,27.9,7.4,,,
1921-12-01,1921,12,17.8,5.3,,,
1922-01-01,1922,1,38.1,24.1,,,
1922-02-01,1922,2,15.2,8.1,,,
1922-03-01,1922,3,0,15.2,,,
1922-04-01,1922,4,82.6,31.8,,,
1922-05-01,1922,5,48.2,73,,,
1922-06-01,1922,6,97,137.8,,,
1922-07-01,1922,7,212.6,164.5,,,
1922-08-01,1922,8,13.9,18.3,,,
1922-09-01,1922,9,5.8,4.1,,,
1922-10-01,1922,10,0,23.4,,,
1922-11-01,1922,11,108.7,69.6,,,
1922-12-01,1922,12,30.5,15.2,,,
1923-01-01,1923,1,6.3,2.5,,,
1923-02-01,1923,2,12.7,0,,,
1923-03-01,1923,3,30.5,7.8,,,
1923-04-01,1923,4,22.8,18.6,,,
1923-05-01,1923,5,97.1,61.3,,,
1923-06-01,1923,6,208.5,123.6,,,
1923-07-01,1923,7,40,134.2,,,
1923-08-01,1923,8,117.2,78.3,,,
1923-09-01,1923,9,48.9,77.5,,,
1923-10-01,1923,10,111.7,47.8,,,
1923-11-01,1923,11,15.2,4.6,,,
1923-12-01,1923,12,2.5,10.1,,,
1924-01-01,1924,1,0.8,0,,,
1924-02-01,1924,2,45.8,13.5,,,
1924-03-01,1924,3,50.8,12.2,,,
1924-04-01,1924,4,7.6,1.5,,,
1924-05-01,1924,5,14,7.4,,,
1924-06-01,1924,6,27.8,77,,,
1924-07-01,1924,7,31,45.3,,,
1924-08-01,1924,8,21.2,37.5,,,
1924-09-01,1924,9,41.4,25.4,,,
1924-10-01,1924,10,47.3,21.6,,,
1924-11-01,1924,11,17.7,7.9,,,
1924-12-01,1924,12,25.4,39.9,,,
1925-01-01,1925,1,10.1,10.1,,,
1925-02-01,1925,2,7.6,12.7,,,
1925-03-01,1925,3,2.3,4.3,,,
1925-04-01,1925,4,40.6,29.7,,,
1925-05-01,1925,5,46.1,18.3,,,
1925-06-01,1925,6,159.1,121.8,,,
1925-07-01,1925,7,169.8,15.3,,,
1925-08-01,1925,8,19.3,9.9,,,
1925-09-01,1925,9,5.4,12.5,,,
1925-10-01,1925,10,86.4,12.5,,,
1925-11-01,1925,11,0,3.3,,,
1925-12-01,1925,12,22.9,12.7,,,
1926-01-01,1926,1,58.5,22.8,,,
1926-02-01,1926,2,0,2.5,,,
1926-03-01,1926,3,22.8,5,,,
1926-04-01,1926,4,50.8,19.1,,,
1926-05-01,1926,5,87.2,70.4,,,
1926-06-01,1926,6,96.6,50,,,
1926-07-01,1926,7,6.9,89.5,,,
1926-08-01,1926,8,33.8,39.6,,,
1926-09-01,1926,9,29.8,11.5,,,
1926-10-01,1926,10,34.1,28.4,,,
1926-11-01,1926,11,58.4,4.1,,,
1926-12-01,1926,12,10.2,2.5,,,
1927-01-01,1927,1,2.5,5.1,,,
1927-02-01,1927,2,7.6,2.8,,,
1927-03-01,1927,3,30.4,18.6,,,
1927-04-01,1927,4,237.8,140.6,,,
1927-05-01,1927,5,125.5,126.8,,,
1927-06-01,1927,6,174.5,82.8,,,
1927-07-01,1927,7,156.8,60.5,,,
1927-08-01,1927,8,93.8,56.3,,,
1927-09-01,1927,9,26.8,16,,,
1927-10-01,1927,10,41.4,0,,,
1927-11-01,1927,11,31.5,10.2,,,
1927-12-01,1927,12,29.9,10.2,,,
1928-01-01,1928,1,20.3,0.8,,,
1928-02-01,1928,2,5.1,3.3,,,
1928-03-01,1928,3,36.7,21.9,,,
1928-04-01,1928,4,8.1,9,,,
1928-05-01,1928,5,66.6,64.6,,,
1928-06-01,1928,6,117.8,97.9,,,
1928-07-01,1928,7,64.4,79,,,
1928-08-01,1928,8,5.1,23.9,,,
1928-09-01,1928,9,13.9,41.9,,,
1928-10-01,1928,10,31,30.2,,,
1928-11-01,1928,11,28,22.2,,,
1928-12-01,1928,12,15.1,1,,,
1929-01-01,1929,1,38.1,11.7,,,
1929-02-01,1929,2,14,1.1,,,
1929-03-01,1929,3,126.5,31.9,,,
1929-04-01,1929,4,61,63.7,,,
1929-05-01,1929,5,66.5,55.9,,,
1929-06-01,1929,6,82,90.4,,,
1929-07-01,1929,7,83.1,44.2,,,
1929-08-01,1929,8,61,22.5,,,
1929-09-01,1929,9,99.2,36.7,,,
1929-10-01,1929,10,37.3,36.4,,,
1929-11-01,1929,11,21,29.7,,,
1929-12-01,1929,12,2.5,7.6,,,
1930-01-01,1930,1,25.2,13.9,,,
1930-02-01,1930,2,21.4,16.2,,,
1930-03-01,1930,3,14,15.6,,,
1930-04-01,1930,4,74.1,91.1,,,
1930-05-01,1930,5,85.5,47.1,,,
1930-06-01,1930,6,46.9,23.9,,,
1930-07-01,1930,7,19,25.2,,,
1930-08-01,1930,8,47.7,198.6,,,
1930-09-01,1930,9,58.9,30.5,,,
1930-10-01,1930,10,104.4,101.1,,,
1930-11-01,1930,11,14,21.6,,,
1930-12-01,1930,12,5.1,1.3,,,
1931-01-01,1931,1,5.1,2.5,,,
1931-02-01,1931,2,21.1,1.3,,,
1931-03-01,1931,3,45.8,54.1,,,
1931-04-01,1931,4,8.9,4.3,,,
1931-05-01,1931,5,45.2,32.2,,,
1931-06-01,1931,6,23.7,15.9,,,
1931-07-01,1931,7,63.2,21.3,,,
1931-08-01,1931,8,82.2,20.9,,,
1931-09-01,1931,9,25.6,41.9,,,
1931-10-01,1931,10,17.4,18,,,
1931-11-01,1931,11,20.3,17.8,,,
1931-12-01,1931,12,35.6,38.6,,,
1932-01-01,1932,1,39.5,7.5,,,
1932-02-01,1932,2,2.5,5,,,
1932-03-01,1932,3,34.3,22.9,,,
1932-04-01,1932,4,74.4,93.1,,,
1932-05-01,1932,5,53.7,91.4,,,
1932-06-01,1932,6,68.3,110.3,,,
1932-07-01,1932,7,100.1,59.7,,,
1932-08-01,1932,8,26.5,18.8,,,
1932-09-01,1932,9,3.3,6.6,,,
1932-10-01,1932,10,48.8,30.8,,,
1932-11-01,1932,11,2.5,0,,,
1932-12-01,1932,12,14,2.5,,,
1933-01-01,1933,1,0,6.1,,,
1933-02-01,1933,2,10.1,7.5,,,
1933-03-01,1933,3,27.9,42.6,,,
1933-04-01,1933,4,110.5,69,,,
1933-05-01,1933,5,276.8,118,,,
1933-06-01,1933,6,17.8,14.2,,,
1933-07-01,1933,7,13.9,11,,,
1933-08-01,1933,8,104.6,79.7,,,
1933-09-01,1933,9,0,8.1,,,
1933-10-01,1933,10,6.9,0.8,,,
1933-11-01,1933,11,2.5,6.8,,,
1933-12-01,1933,12,5,4.8,,,
1934-01-01,1934,1,12.5,9.7,,,
1934-02-01,1934,2,5.1,5.1,,,
1934-03-01,1934,3,48.6,29.1,,,
1934-04-01,1934,4,26.7,10,,,
1934-05-01,1934,5,21.4,11.4,,,
1934-06-01,1934,6,70,119.3,,,
1934-07-01,1934,7,71.1,25.8,,,
1934-08-01,1934,8,38,34.3,,,
1934-09-01,1934,9,20.4,6.6,,,
1934-10-01,1934,10,34.3,35.7,,,
1934-11-01,1934,11,8.9,12.6,,,
1934-12-01,1934,12,1.3,3,,,
1935-01-01,1935,1,4,6.3,,,
1935-02-01,1935,2,2.8,12.1,,,
1935-03-01,1935,3,48.3,21.6,,,
1935-04-01,1935,4,100.9,92.8,,,
1935-05-01,1935,5,173,91.5,,,
1935-06-01,1935,6,55.8,42.7,,,
1935-07-01,1935,7,4.3,70.2,,,
1935-08-01,1935,8,6.6,27.5,,,
1935-09-01,1935,9,8.6,1.5,,,
1935-10-01,1935,10,8.6,2.9,,,
1935-11-01,1935,11,0,6.1,,,
1935-12-01,1935,12,9.1,23.3,,,
1936-01-01,1936,1,0.6,35.6,,,
1936-02-01,1936,2,9.9,13.2,,,
1936-03-01,1936,3,15.5,11.4,,,
1936-04-01,1936,4,23.1,29.7,,,
1936-05-01,1936,5,16.2,17.8,,,
1936-06-01,1936,6,53.1,2.1,,,
1936-07-01,1936,7,4.4,2.1,,,
1936-08-01,1936,8,24.7,15.3,,,
1936-09-01,1936,9,59.5,20.1,,,
1936-10-01,1936,10,9.2,8.2,,,
1936-11-01,1936,11,15.3,20.4,,,
1936-12-01,1936,12,7.6,5.6,,,
1937-01-01,1937,1,1,5.3,,,
1937-02-01,1937,2,4.5,3,,,
1937-03-01,1937,3,57.4,45.7,,,
1937-04-01,1937,4,15.8,20,,,
1937-05-01,1937,5,29.5,64,,,
1937-06-01,1937,6,115,86.5,,,
1937-07-01,1937,7,13,108.9,,,
1937-08-01,1937,8,4,5.3,,,
1937-09-01,1937,9,5.1,19,,,
1937-10-01,1937,10,30.7,4.3,,,
1937-11-01,1937,11,8.3,1.4,,,
1937-12-01,1937,12,1.6,8.8,,,
1938-01-01,1938,1,6.9,4.5,,,
1938-02-01,1938,2,0.6,4.4,,,
1938-03-01,1938,3,48.1,35.3,,,
1938-04-01,1938,4,42.7,47.7,,,
1938-05-01,1938,5,79.7,109.1,,,
1938-06-01,1938,6,60.2,50.7,,,
1938-07-01,1938,7,60.5,25.1,,,
1938-08-01,1938,8,51.1,32.8,,,
1938-09-01,1938,9,28.3,38.9,,,
1938-10-01,1938,10,0.8,7.9,,,
1938-11-01,1938,11,14,21.1,,,
1938-12-01,1938,12,2.5,1.3,,,
1939-01-01,1939,1,6.4,6.1,,,
1939-02-01,1939,2,6.1,11.6,,,
1939-03-01,1939,3,12.6,1.8,,,
1939-04-01,1939,4,6.1,18,,,
1939-05-01,1939,5,80,39.1,,,
1939-06-01,1939,6,35.3,34,,,
1939-07-01,1939,7,12.6,15.2,,,
1939-08-01,1939,8,46.4,29,,,
1939-09-01,1939,9,21.7,27.4,,,
1939-10-01,1939,10,25.9,18.3,,,
1939-11-01,1939,11,0,0,,,
1939-12-01,1939,12,8.4,11.5,,,
1940-01-01,1940,1,9.9,16.6,,,
1940-02-01,1940,2,6.9,11.4,,,
1940-03-01,1940,3,18.5,11.6,,,
1940-04-01,1940,4,93.4,45,,,
1940-05-01,1940,5,9.2,14.6,,,
1940-06-01,1940,6,23.1,53.6,,,
1940-07-01,1940,7,34.2,63.4,,,
1940-08-01,1940,8,7.4,11.7,,,
1940-09-01,1940,9,33.1,4.8,,,
1940-10-01,1940,10,13.5,7.9,,,
1940-11-01,1940,11,8.6,3.3,,,
1940-12-01,1940,12,3.8,6.1,,,
1941-01-01,1941,1,8.6,5.4,,,
1941-02-01,1941,2,3.8,2.1,,,
1941-03-01,1941,3,27.9,7.3,,,
1941-04-01,1941,4,70.3,99.1,,,
1941-05-01,1941,5,28.4,38.2,,,
1941-06-01,1941,6,97.7,123,,,
1941-07-01,1941,7,114.2,49.6,,,
1941-08-01,1941,8,23.4,35.8,,,
1941-09-01,1941,9,27.9,39.8,,,
1941-10-01,1941,10,29.8,68.1,,,
1941-11-01,1941,11,6.1,3.8,,,
1941-12-01,1941,12,17,1.3,,,
1942-01-01,1942,1,2.5,0,,,
1942-02-01,1942,2,8,7.1,,,
1942-03-01,1942,3,21.4,11.2,,,
1942-04-01,1942,4,78.2,102.9,,,
1942-05-01,1942,5,148.2,137.9,,,
1942-06-01,1942,6,109.2,99.7,,,
1942-07-01,1942,7,67.4,57.3,,,
1942-08-01,1942,8,5.9,22.9,,,
1942-09-01,1942,9,42.3,26.1,,,
1942-10-01,1942,10,46.2,9.2,,,
1942-11-01,1942,11,2,7.4,,,
1942-12-01,1942,12,1.5,8.9,,,
1943-01-01,1943,1,2.5,2.9,,,
1943-02-01,1943,2,2,0.8,,,
1943-03-01,1943,3,9.1,4.6,,,
1943-04-01,1943,4,56.4,18,,,
1943-05-01,1943,5,99.1,97.4,,,
1943-06-01,1943,6,66.1,104.5,,,
1943-07-01,1943,7,51.2,0.5,,,
1943-08-01,1943,8,17.9,24.4,,,
1943-09-01,1943,9,5,4.8,,,
1943-10-01,1943,10,35.4,21.1,,,
1943-11-01,1943,11,2.8,0.3,,,
1943-12-01,1943,12,0,0,,,
1944-01-01,1944,1,15.5,9.2,,,
1944-02-01,1944,2,8.1,8.2,,,
1944-03-01,1944,3,10.1,10.2,,,
1944-04-01,1944,4,65,21.5,,,
1944-05-01,1944,5,88,76.9,,,
1944-06-01,1944,6,58.8,75,,,
1944-07-01,1944,7,83.1,48.5,,,
1944-08-01,1944,8,55.8,27.9,,,
1944-09-01,1944,9,2.6,2.6,,,
1944-10-01,1944,10,6.9,12.7,,,
1944-11-01,1944,11,29.8,20.6,,,
1944-12-01,1944,12,15.9,0,,,
1945-01-01,1945,1,5.1,5.1,,,
1945-02-01,1945,2,4.6,2.5,,,
1945-03-01,1945,3,54,26,,,
1945-04-01,1945,4,4.6,18.6,,,
1945-05-01,1945,5,31.8,61.2,,,
1945-06-01,1945,6,95.7,96.6,,,
1945-07-01,1945,7,51.5,12,,,
1945-08-01,1945,8,51.3,31.2,,,
1945-09-01,1945,9,62.7,27.3,,,
1945-10-01,1945,10,0,2.8,,,
1945-11-01,1945,11,0,0,,,
1945-12-01,1945,12,14.5,2.3,,,
1946-01-01,1946,1,3.6,0.3,,,
1946-02-01,1946,2,7.1,7.1,,,
1946-03-01,1946,3,24.9,16.1,,,
1946-04-01,1946,4,39.1,25,,,
1946-05-01,1946,5,167,147.4,,,
1946-06-01,1946,6,90.7,63.6,,,
1946-07-01,1946,7,7.6,9.1,,,
1946-08-01,1946,8,14.9,73.6,,,
1946-09-01,1946,9,87.4,92.5,,,
1946-10-01,1946,10,30.4,30.1,,,
1946-11-01,1946,11,5.1,4.1,,,
1946-12-01,1946,12,15.3,5.4,,,
1947-01-01,1947,1,20.9,15.5,,,
1947-02-01,1947,2,3,3.3,,,
1947-03-01,1947,3,2.5,14.4,,,
1947-04-01,1947,4,36.8,41.2,,,
1947-05-01,1947,5,71.3,26,,,
1947-06-01,1947,6,206.2,111.8,,,
1947-07-01,1947,7,86.1,21.6,,,
1947-08-01,1947,8,38.1,44.7,,,
1947-09-01,1947,9,10.4,2.1,,,
1947-10-01,1947,10,25.4,28,,,
1947-11-01,1947,11,37.7,20.9,,,
1947-12-01,1947,12,8.1,0.6,,,
1948-01-01,1948,1,0,4.6,,,
1948-02-01,1948,2,9.8,6.1,,,
1948-03-01,1948,3,10.1,11.4,,,
1948-04-01,1948,4,65.9,75.3,,,
1948-05-01,1948,5,84.5,75.4,42.7,,
1948-06-01,1948,6,75.3,129.5,123.4,,
1948-07-01,1948,7,80.8,40.6,67.4,,
1948-08-01,1948,8,25.6,29.8,78.2,,
1948-09-01,1948,9,14.2,1.1,15,,
1948-10-01,1948,10,37.9,23.6,43.2,,
1948-11-01,1948,11,18.4,8.4,7.5,,
1948-12-01,1948,12,11.2,27.4,12.3,,
1949-01-01,1949,1,31.3,78.2,42.7,,
1949-02-01,1949,2,0,0,3.2,,
1949-03-01,1949,3,4,14.2,6.5,,
1949-04-01,1949,4,49.7,34.8,52.4,,
1949-05-01,1949,5,111.3,44.2,41.4,,
1949-06-01,1949,6,76.5,55.2,82.5,,
1949-07-01,1949,7,36.1,8.9,21,,
1949-08-01,1949,8,10.2,52.1,29.5,,
1949-09-01,1949,9,28.2,9.9,26.6,,
1949-10-01,1949,10,29.7,71.9,22.5,,
1949-11-01,1949,11,0,0.3,3.8,0.3,
1949-12-01,1949,12,9.5,5.3,12,5.3,
1950-01-01,1950,1,7.4,11.9,6.4,11.9,
1950-02-01,1950,2,0,10.7,1.6,10.7,
1950-03-01,1950,3,22.3,55.9,67.6,55.9,
1950-04-01,1950,4,43,25.8,41.5,25.8,
1950-05-01,1950,5,43.1,52.7,61.9,52.7,
1950-06-01,1950,6,30,8.9,22.9,8.9,
1950-07-01,1950,7,66.8,52.9,41.4,52.9,
1950-08-01,1950,8,42.2,7.7,69.6,7.7,
1950-09-01,1950,9,61.3,58,70.7,58,
1950-10-01,1950,10,4.6,8.5,10.1,8.5,
1950-11-01,1950,11,7.8,9.7,9,9.7,
1950-12-01,1950,12,2,0.5,1.1,0.5,
1951-01-01,1951,1,1.5,3,3.2,3,
1951-02-01,1951,2,2,29.2,2.5,29.2,
1951-03-01,1951,3,17.8,15,20,15,
1951-04-01,1951,4,7.4,11.7,12.9,11.7,
1951-05-01,1951,5,52.2,38.3,47.5,38.3,
1951-06-01,1951,6,86.1,118.3,95.2,118.3,
1951-07-01,1951,7,66.8,61.2,41.4,61.2,
1951-08-01,1951,8,58,89.1,74.3,89.1,
1951-09-01,1951,9,29.7,56.2,37,56.2,
1951-10-01,1951,10,14.6,39.1,22.4,39.1,
1951-11-01,1951,11,1.3,2.3,5.4,2.3,
1951-12-01,1951,12,9.2,46.6,13.5,46.6,
1952-01-01,1952,1,0,1.6,0.3,1.6,
1952-02-01,1952,2,8.4,39.2,16.6,39.2,
1952-03-01,1952,3,15.8,45.7,20.6,45.7,
1952-04-01,1952,4,10.7,3.5,8.1,3.5,
1952-05-01,1952,5,116.8,87.7,95.5,87.7,
1952-06-01,1952,6,40.4,146.6,77.2,146.6,
1952-07-01,1952,7,18.6,29.6,38.4,29.6,
1952-08-01,1952,8,16.9,6.9,17.9,6.9,
1952-09-01,1952,9,8.9,14.3,5.3,14.3,
1952-10-01,1952,10,3,0,0.3,0,
1952-11-01,1952,11,22.3,17.5,3.8,17.5,
1952-12-01,1952,12,4.1,3,2,3,
1953-01-01,1953,1,13.4,44.3,19.1,44.3,
1953-02-01,1953,2,13,46.2,62.5,46.2,
1953-03-01,1953,3,30.9,39.9,16.8,39.9,
1953-04-01,1953,4,62,84.6,70.4,84.6,
1953-05-01,1953,5,26.7,31.4,42.9,31.4,
1953-06-01,1953,6,51.3,68.4,103.1,68.4,
1953-07-01,1953,7,33.5,38.1,33.5,38.1,
1953-08-01,1953,8,47,36.8,23.8,36.8,
1953-09-01,1953,9,9.9,1.8,9.4,1.8,
1953-10-01,1953,10,4.1,50.3,5.9,50.3,
1953-11-01,1953,11,4.1,4,21.4,4,
1953-12-01,1953,12,2.5,7.9,4.7,7.9,
1954-01-01,1954,1,0,3,4.6,3,
1954-02-01,1954,2,11.7,10.4,8.6,10.4,
1954-03-01,1954,3,24.6,42.6,58.2,42.6,
1954-04-01,1954,4,9.4,4.6,6.9,4.6,
1954-05-01,1954,5,86.4,86.1,68.1,86.1,
1954-06-01,1954,6,118.8,48.1,80.9,48.1,
1954-07-01,1954,7,37.6,10.2,31.7,10.2,
1954-08-01,1954,8,56.2,29,53.7,29,
1954-09-01,1954,9,18.8,16,5.2,16,
1954-10-01,1954,10,28.7,63.5,48.8,63.5,
1954-11-01,1954,11,10.7,16,16.4,16,
1954-12-01,1954,12,0,1,6.4,1,
1955-01-01,1955,1,9.7,5.9,11.8,5.9,
1955-02-01,1955,2,24.9,10.7,22.5,10.7,
1955-03-01,1955,3,12.5,7.9,15.9,7.9,
1955-04-01,1955,4,26.2,29.2,39.5,29.2,
1955-05-01,1955,5,107.7,63.9,43.2,63.9,
1955-06-01,1955,6,49.6,46.8,54.5,46.8,
1955-07-01,1955,7,78.9,39.1,54.5,33.5,
1955-08-01,1955,8,38.1,50.6,42,31.8,
1955-09-01,1955,9,117.8,98.9,78.3,104.7,
1955-10-01,1955,10,8.4,2.1,6.8,4.3,
1955-11-01,1955,11,7.5,12.5,9.1,6.6,
1955-12-01,1955,12,8.4,27.9,17.5,25.5,
1956-01-01,1956,1,10.9,6.7,12.1,4.2,
1956-02-01,1956,2,6.1,5.1,13.2,3.3,
1956-03-01,1956,3,13.2,12.7,19.1,15.9,
1956-04-01,1956,4,26.6,33.3,42.8,31,
1956-05-01,1956,5,45.7,69.9,53.2,58.2,
1956-06-01,1956,6,47.2,18.5,33.5,40.2,
1956-07-01,1956,7,65.4,78.1,57.8,77.9,
1956-08-01,1956,8,44.7,85.9,80.2,61.3,
1956-09-01,1956,9,1.5,21.1,7.7,17.8,
1956-10-01,1956,10,4.6,0,2.6,1.3,
1956-11-01,1956,11,19.3,35,37.7,31.2,
1956-12-01,1956,12,6.9,11.2,9.2,7.8,
1957-01-01,1957,1,8.9,7.2,10.2,5.1,
1957-02-01,1957,2,6.9,10.1,7.3,5.4,
1957-03-01,1957,3,44,11.2,16.9,15.8,
1957-04-01,1957,4,55.3,71.2,52.4,57.1,
1957-05-01,1957,5,178,130.8,179.1,144.2,
1957-06-01,1957,6,60.6,138.2,87.4,104.3,
1957-07-01,1957,7,23.2,41.4,51.1,34.9,
1957-08-01,1957,8,18.5,84.7,26.4,45,
1957-09-01,1957,9,28.2,25.2,17.5,14,
1957-10-01,1957,10,50.9,45.6,32.8,57.1,
1957-11-01,1957,11,9.9,6.9,10,6.1,
1957-12-01,1957,12,4.6,0,1,0,
1958-01-01,1958,1,3.1,9.6,11,6.1,
1958-02-01,1958,2,49.2,13.8,21.4,3.3,
1958-03-01,1958,3,30.7,20.3,27.8,8.8,
1958-04-01,1958,4,69.3,65,77.1,67.8,
1958-05-01,1958,5,23.3,43.8,26.6,32.9,
1958-06-01,1958,6,71.8,118.8,98.2,85.8,
1958-07-01,1958,7,131.3,92.1,114,146.8,
1958-08-01,1958,8,9.3,34.4,6.6,17.5,
1958-09-01,1958,9,3.3,5.3,0.8,1,
1958-10-01,1958,10,2.1,2.5,5.7,2.3,
1958-11-01,1958,11,8.1,2.5,10.7,3.4,
1958-12-01,1958,12,8.6,9.2,9.4,6.6,
1959-01-01,1959,1,14.9,13.5,10,2.8,
1959-02-01,1959,2,13.8,23.6,16,9.9,
1959-03-01,1959,3,36.9,8.6,15.4,10.4,
1959-04-01,1959,4,30,28.5,48,24.5,
1959-05-01,1959,5,79.6,110.9,82.8,110.6,
1959-06-01,1959,6,106.8,76.1,70.8,70.8,
1959-07-01,1959,7,26.1,17.8,17,32.8,
1959-08-01,1959,8,6.2,2.1,9.1,5.5,
1959-09-01,1959,9,84.9,82.3,60.3,66,
1959-10-01,1959,10,10.8,2.8,5.7,2.8,
1959-11-01,1959,11,31.1,27.9,30.2,9.2,
1959-12-01,1959,12,10.2,0.5,6.7,0,
1960-01-01,1960,1,18.5,16.1,4.2,4.3,
1960-02-01,1960,2,26.7,18.3,21.9,18.3,
1960-03-01,1960,3,18.3,20.5,19.9,8.7,
1960-04-01,1960,4,68.8,34.5,30.7,35.2,
1960-05-01,1960,5,43.5,78.8,56.7,75.5,
1960-06-01,1960,6,46,79.1,55.6,106.8,
1960-07-01,1960,7,27.6,58.6,17.8,23.3,
1960-08-01,1960,8,24.9,40.6,31.6,61.7,
1960-09-01,1960,9,13.8,14.2,17.3,9,
1960-10-01,1960,10,3.6,0,0,0,
1960-11-01,1960,11,30.4,14,9.9,7.9,
1960-12-01,1960,12,25.7,6.8,20.4,3.6,
1961-01-01,1961,1,1.5,2,2.5,0,
1961-02-01,1961,2,8.2,3.3,5.6,5.9,
1961-03-01,1961,3,32.9,28.5,19,34.9,
1961-04-01,1961,4,27.9,9.5,38.9,11,
1961-05-01,1961,5,75.7,86.5,32.8,89.6,
1961-06-01,1961,6,15.7,53.4,19.3,53.4,
1961-07-01,1961,7,47,25.7,53.5,25.7,
1961-08-01,1961,8,1.3,11.5,10.9,11.5,
1961-09-01,1961,9,38.5,47.7,25.1,47.7,
1961-10-01,1961,10,24.4,20.8,23.9,20.8,
1961-11-01,1961,11,17,1,9.2,1,
1961-12-01,1961,12,9.2,3.9,12.9,3.9,
1962-01-01,1962,1,5.3,5.3,13,4.9,
1962-02-01,1962,2,33.1,15.4,25,17.1,
1962-03-01,1962,3,26.9,21.6,32.4,15.9,
1962-04-01,1962,4,9.9,11.1,17.7,12.2,
1962-05-01,1962,5,136.2,114.4,175.5,143.5,
1962-06-01,1962,6,159.7,65.5,102,162.2,
1962-07-01,1962,7,82.1,75.2,115.2,85.9,
1962-08-01,1962,8,34.5,16.8,26.2,20,
1962-09-01,1962,9,16.8,5.8,17,15.6,
1962-10-01,1962,10,32.8,45.6,41.4,33.8,
1962-11-01,1962,11,4.6,1.3,2.1,2.1,
1962-12-01,1962,12,11.2,1.1,4.9,0.3,
1963-01-01,1963,1,34,9.7,26.2,7.2,
1963-02-01,1963,2,9.6,5.4,23.3,5.4,
1963-03-01,1963,3,51.6,11.6,40.7,5.3,
1963-04-01,1963,4,56.9,37.5,96.8,33.3,
1963-05-01,1963,5,59.5,141.5,30,58.7,
1963-06-01,1963,6,124.3,109.4,139,56.7,
1963-07-01,1963,7,78.5,57.9,51.7,62.3,
1963-08-01,1963,8,50.3,7.3,33.6,17.9,
1963-09-01,1963,9,38,27.4,30.7,39.3,
1963-10-01,1963,10,22.1,25,19.6,16.1,
1963-11-01,1963,11,1.3,3,3.2,3.9,
1963-12-01,1963,12,7.6,5.8,8.3,3.3,
1964-01-01,1964,1,3.3,3.5,9,0,
1964-02-01,1964,2,12.2,1.2,21.1,0.3,
1964-03-01,1964,3,34.6,15.1,16,1.6,
1964-04-01,1964,4,76.2,91.2,31.6,75.3,
1964-05-01,1964,5,66.2,64.8,64.1,63.6,
1964-06-01,1964,6,93.1,144.3,119,146.8,
1964-07-01,1964,7,13.5,22.1,19.6,94.4,
1964-08-01,1964,8,18.6,34.6,47.6,40.7,
1964-09-01,1964,9,9.7,4.3,17.5,6.9,
1964-10-01,1964,10,24.9,0,12.7,0.3,
1964-11-01,1964,11,6.6,3.6,7.8,0.8,
1964-12-01,1964,12,19.6,15,19.8,14.7,
1965-01-01,1965,1,22,8.9,15.6,9.5,
1965-02-01,1965,2,20.6,1.1,5.6,0.8,
1965-03-01,1965,3,24.4,12.8,11.8,8.9,
1965-04-01,1965,4,35.3,47.2,38.1,45.5,
1965-05-01,1965,5,168.2,137.2,177.1,160.3,
1965-06-01,1965,6,107.3,87.3,90.5,86.1,
1965-07-01,1965,7,53,28.1,15.4,40.7,
1965-08-01,1965,8,65,32.9,37.3,40.1,
1965-09-01,1965,9,50.7,38,37.1,39,
1965-10-01,1965,10,11.2,16,14.5,17.3,
1965-11-01,1965,11,5.6,15.8,3.8,7.1,
1965-12-01,1965,12,10.4,15.5,3,14.5,
1966-01-01,1966,1,7.9,5.6,6.2,3.5,
1966-02-01,1966,2,21.8,11.4,25.6,9.9,
1966-03-01,1966,3,13.2,19.3,45.2,18.5,
1966-04-01,1966,4,63.7,40.5,63.6,50,
1966-05-01,1966,5,9.6,14.2,8.3,16.8,
1966-06-01,1966,6,36,36.5,33.3,32.6,
1966-07-01,1966,7,82.3,43.6,99.8,59.8,
1966-08-01,1966,8,120.1,61.5,82.4,51.1,
1966-09-01,1966,9,57.5,82.1,72.1,43.4,
1966-10-01,1966,10,38.1,20.6,38,25.9,
1966-11-01,1966,11,20.7,6.8,24.2,9.6,
1966-12-01,1966,12,16.5,12.2,20.1,13.5,
1967-01-01,1967,1,10.8,6.1,12,0.5,
1967-02-01,1967,2,3,5.7,15.1,6.2,
1967-03-01,1967,3,30.3,11.5,20.9,7.8,
1967-04-01,1967,4,69.6,98.3,131.1,46.3,
1967-05-01,1967,5,84.5,57.5,81.4,62,
1967-06-01,1967,6,196.2,240.6,172.4,183.5,
1967-07-01,1967,7,52.1,9.7,27.2,21.4,
1967-08-01,1967,8,6.3,13.3,24.1,15,
1967-09-01,1967,9,28.9,44,53.5,50.5,
1967-10-01,1967,10,12.9,7.9,7.1,7.4,
1967-11-01,1967,11,8.1,5.3,7.1,3.6,
1967-12-01,1967,12,22.6,13.2,22.8,11.5,
1968-01-01,1968,1,11.6,7.9,10.9,3.8,
1968-02-01,1968,2,8.1,3.4,9,2.1,
1968-03-01,1968,3,24.9,2.8,5.4,1.5,
1968-04-01,1968,4,43.9,54.5,46.3,52.1,
1968-05-01,1968,5,99.6,42.7,42.9,40.4,
1968-06-01,1968,6,104,168.2,178,140.8,
1968-07-01,1968,7,68.5,26,62.1,29.8,
1968-08-01,1968,8,118.4,58.4,62.6,77.8,
1968-09-01,1968,9,19.5,15.2,22.6,17,
1968-10-01,1968,10,13.2,1.8,3.6,6.7,
1968-11-01,1968,11,10.7,10.2,11.8,4.9,
1968-12-01,1968,12,12,12.1,14.9,2.5,
1969-01-01,1969,1,10.2,4.4,2.9,4.3,
1969-02-01,1969,2,13.3,26.7,18.6,8.5,
1969-03-01,1969,3,13.2,9.8,16.9,6.9,
1969-04-01,1969,4,36.1,54.2,40.7,23.8,
1969-05-01,1969,5,28.3,100.1,56,55,
1969-06-01,1969,6,49.2,73,51.8,54.9,
1969-07-01,1969,7,177.1,123.4,155.7,89.2,
1969-08-01,1969,8,10.1,17.6,7.8,20.1,
1969-09-01,1969,9,12.2,31.7,9.1,8.4,
1969-10-01,1969,10,26.1,51.6,21.5,51.6,
1969-11-01,1969,11,5.3,4.2,9,0,
1969-12-01,1969,12,10.5,12.7,14.5,16.3,
1970-01-01,1970,1,6.1,12.2,18.6,1.1,
1970-02-01,1970,2,4.4,9.7,13.8,12.2,
1970-03-01,1970,3,26.5,19.5,37.8,37.7,
1970-04-01,1970,4,96.5,89.7,117.7,101.6,
1970-05-01,1970,5,39.9,27,61.2,40.5,
1970-06-01,1970,6,70,27.6,55,43.2,
1970-07-01,1970,7,23.4,83.7,26.5,28.7,
1970-08-01,1970,8,2.5,30.5,17,11,
1970-09-01,1970,9,30.9,50.2,39.9,46.5,
1970-10-01,1970,10,38.8,18.5,31.2,21.4,
1970-11-01,1970,11,10.4,23.7,20.5,11.6,
1970-12-01,1970,12,7.2,7.2,15.5,6.8,
1971-01-01,1971,1,10.4,37.6,30.2,33.1,
1971-02-01,1971,2,21.8,20.3,25.5,13,
1971-03-01,1971,3,25.9,13.9,31.9,3.4,
1971-04-01,1971,4,92.9,101.6,72.7,103.2,
1971-05-01,1971,5,161.8,113.3,94,102.1,155.5
1971-06-01,1971,6,27.2,45.1,48.8,33.1,64.8
1971-07-01,1971,7,15.1,8.4,37.1,23.9,27.2
1971-08-01,1971,8,4.1,117.5,13.2,18.8,6.1
1971-09-01,1971,9,68.9,90.4,58.9,59.8,51
1971-10-01,1971,10,48.1,104.2,51.4,93.1,29.2
1971-11-01,1971,11,19.3,27.7,20.1,10.2,19.3
1971-12-01,1971,12,2.3,8.4,4,10.2,10.5
1972-01-01,1972,1,3.6,3,6,0.8,8.8
1972-02-01,1972,2,3.4,9.4,11.3,1,2.3
1972-03-01,1972,3,20.6,9.7,12.1,10.7,17.2
1972-04-01,1972,4,51.5,17.6,70.7,88.7,35.3
1972-05-01,1972,5,80.3,135.6,83.4,57.1,68.9
1972-06-01,1972,6,87.9,52.3,104.4,35.6,131.8
1972-07-01,1972,7,31.2,97,42.5,60.5,34.1
1972-08-01,1972,8,32.6,33.9,63.3,64.6,41.9
1972-09-01,1972,9,14.2,9.1,6.2,4.1,18
1972-10-01,1972,10,20.6,14.3,19.5,14.3,17.8
1972-11-01,1972,11,6,11.4,9.7,11.4,12.7
1972-12-01,1972,12,5.5,5.4,8.8,0,3.3
1973-01-01,1973,1,7.9,7.7,2.9,7.7,2.8
1973-02-01,1973,2,9.6,2.6,7.9,2.6,7.1
1973-03-01,1973,3,47.8,85.8,68.8,65.2,49.9
1973-04-01,1973,4,97,53.6,68.4,53.6,65.8
1973-05-01,1973,5,56.6,84.7,60.3,84.7,63.1
1973-06-01,1973,6,22.2,18,16.3,21.4,15.9
1973-07-01,1973,7,96.5,35.5,37.1,50.3,71.5
1973-08-01,1973,8,13.8,4.1,18.9,4.1,34.4
1973-09-01,1973,9,78.2,65.2,36.7,65.2,49.2
1973-10-01,1973,10,19.6,27.1,35.1,27.1,40.1
1973-11-01,1973,11,23.1,11,18.6,11,19.6
1973-12-01,1973,12,26.5,4.1,13.7,4.1,12.2
1974-01-01,1974,1,15.3,0,4,0,11.2
1974-02-01,1974,2,6.9,1,7.8,1,2
1974-03-01,1974,3,5.4,7.9,8.8,7.9,3.9
1974-04-01,1974,4,57.2,86,39.5,86,52.6
1974-05-01,1974,5,19.1,32.8,33.6,32.8,16
1974-06-01,1974,6,25.2,30.3,28,30.3,41.9
1974-07-01,1974,7,39.1,84.1,17.4,28.5,17
1974-08-01,1974,8,131.8,51.4,34.7,57.7,67.7
1974-09-01,1974,9,28.9,13,22.4,15.2,28.9
1974-10-01,1974,10,41.7,20.1,29.9,8.1,54.6
1974-11-01,1974,11,5.6,3,3.1,2.8,6.8
1974-12-01,1974,12,1.5,0.9,3.2,0,0.8
1975-01-01,1975,1,14.2,36.5,26.8,16.1,13
1975-02-01,1975,2,16.3,8.6,9,9.2,11.9
1975-03-01,1975,3,38.6,44.6,62.2,48.9,24.1
1975-04-01,1975,4,58.6,54.7,35,53.5,25.4
1975-05-01,1975,5,52.8,16.8,31.3,16.8,43.5
1975-06-01,1975,6,87.3,107.7,143,107.7,120.7
1975-07-01,1975,7,11.5,44.4,40,24.4,24.6
1975-08-01,1975,8,21.8,17.3,22.1,30.5,7.1
1975-09-01,1975,9,3.8,0,0.8,2.5,0.8
1975-10-01,1975,10,25.8,12.5,17.5,13,8.3
1975-11-01,1975,11,5.4,9.6,14.5,4.9,8.9
1975-12-01,1975,12,24,13.9,42,6.6,20
1976-01-01,1976,1,15.5,8.1,7.3,4.6,13.2
1976-02-01,1976,2,12.1,8.5,12,7.4,11.2
1976-03-01,1976,3,21.4,7.7,8.4,0,17.1
1976-04-01,1976,4,75.5,62.6,68.8,76.9,86.8
1976-05-01,1976,5,66.4,48.3,69.6,76.5,50.3
1976-06-01,1976,6,65.5,50.3,122.1,39.4,70.9
1976-07-01,1976,7,70.2,73.5,26.6,52.5,70.4
1976-08-01,1976,8,16.5,17.8,33.6,42.5,53.4
1976-09-01,1976,9,17.8,3.1,7.2,7.7,6.4
1976-10-01,1976,10,19.1,5.8,5.4,5,18.5
1976-11-01,1976,11,11.7,3.8,15.5,3.8,3.8
1976-12-01,1976,12,5.3,6.4,10.5,2.8,4.3
1977-01-01,1977,1,6.3,7.5,21.1,12.2,11.7
1977-02-01,1977,2,4,4.8,6.4,4.8,0
1977-03-01,1977,3,43.2,88.2,66.9,69.1,45.4
1977-04-01,1977,4,64.2,40.7,40,46.4,65.6
1977-05-01,1977,5,66.1,110.8,63.3,97.6,41.7
1977-06-01,1977,6,38.4,24.3,44.8,27,59.1
1977-07-01,1977,7,50.2,50.3,75.8,63.9,113.3
1977-08-01,1977,8,72.5,44.1,45.5,32.3,79.3
1977-09-01,1977,9,34.3,45.2,72.7,54.7,40.3
1977-10-01,1977,10,22.8,47.8,27.1,46.5,20
1977-11-01,1977,11,26.5,34.1,21,40.1,19.1
1977-12-01,1977,12,13.7,17.9,9.3,5.5,11.6
1978-01-01,1978,1,14.4,0,5.1,0,11.7
1978-02-01,1978,2,17.1,18.6,21.5,17,17.8
1978-03-01,1978,3,2,4.6,10.3,1.3,5.1
1978-04-01,1978,4,52.7,69.5,55.7,40.9,34.8
1978-05-01,1978,5,82.8,78.7,79.5,150,76.5
1978-06-01,1978,6,35.1,23.6,51.2,23.9,40.4
1978-07-01,1978,7,76.5,60.2,103.8,78.9,83.8
1978-08-01,1978,8,30.5,79.2,36.2,79.6,56
1978-09-01,1978,9,9,11.7,4.7,21.8,2.3
1978-10-01,1978,10,9.2,5,6.7,10,9.4
1978-11-01,1978,11,17.7,15,16,20.6,10.9
1978-12-01,1978,12,21,5.3,6.4,10.7,13.2
1979-01-01,1979,1,16.8,8.7,12.5,15.5,14.7
1979-02-01,1979,2,4,15,8.5,4.4,5.8
1979-03-01,1979,3,12.6,13.5,11.9,21.6,3.8
1979-04-01,1979,4,21.3,24.6,8.1,28,12
1979-05-01,1979,5,64,27.6,29.7,33.3,39
1979-06-01,1979,6,61.8,158.5,91.4,131,62.2
1979-07-01,1979,7,63.1,89,104.5,74.7,98
1979-08-01,1979,8,84,51.7,59,54.6,61.7
1979-09-01,1979,9,4.8,0.8,1.8,0.8,4.1
1979-10-01,1979,10,27.8,41.6,23,45.3,18.8
1979-11-01,1979,11,13.9,1.8,3.8,2.8,4.5
1979-12-01,1979,12,0.8,0,1.8,0.5,1
1980-01-01,1980,1,7.9,2.1,5.2,3.9,6.4
1980-02-01,1980,2,16.5,7.6,13.1,8.6,12.2
1980-03-01,1980,3,34.1,23.9,21.9,22.2,17.6
1980-04-01,1980,4,20,25.9,28.7,36.9,24.1
1980-05-01,1980,5,49.3,12.4,40.2,35,52.3
1980-06-01,1980,6,135,73.8,120.6,53.4,71.9
1980-07-01,1980,7,45.7,51,45.4,35.2,33
1980-08-01,1980,8,75.8,42.8,60.4,40.2,47.2
1980-09-01,1980,9,3.8,15.3,12.2,5.8,12.4
1980-10-01,1980,10,44.2,64,57.9,74.3,42.4
1980-11-01,1980,11,13.2,16.5,14.4,11.2,8.4
1980-12-01,1980,12,13.7,30.2,16.9,24.2,14.5
1981-01-01,1981,1,5.1,1.1,3.6,3.9,1
1981-02-01,1981,2,6.5,1.5,2.3,0.3,3.1
1981-03-01,1981,3,10.9,3.6,3.2,1.8,10.7
1981-04-01,1981,4,22.8,4.4,8.2,17.1,13.9
1981-05-01,1981,5,94.4,63.7,71.5,63.6,97.1
1981-06-01,1981,6,30.6,116.1,48.1,68.3,26.7
1981-07-01,1981,7,77.8,114,113.7,86.6,122.4
1981-08-01,1981,8,16,75.8,44.2,69.6,23.8
1981-09-01,1981,9,13.7,3.1,4.2,6.1,3.3
1981-10-01,1981,10,27.2,41.6,45.8,40.9,39.7
1981-11-01,1981,11,3.6,3.3,5.9,3.3,3.3
1981-12-01,1981,12,21.9,7.7,8.9,7.7,15.8
1982-01-01,1982,1,15.3,11,10.1,24.8,11.1
1982-02-01,1982,2,8.7,2.8,9.4,2.5,7.1
1982-03-01,1982,3,29.5,46.3,34.3,35.7,25.9
1982-04-01,1982,4,26.3,14,17.6,18.1,20.3
1982-05-01,1982,5,187.8,182.5,165.1,184.9,174.6
1982-06-01,1982,6,110.9,65.5,73.6,74.4,103
1982-07-01,1982,7,18.3,79.1,46.2,110.8,29.5
1982-08-01,1982,8,64.7,39.3,122.8,47.4,43.4
1982-09-01,1982,9,66,41.4,68.3,34.6,66.7
1982-10-01,1982,10,76,99.7,97.1,106.2,29.9
1982-11-01,1982,11,19.4,0,6.9,5.9,21.6
1982-12-01,1982,12,17.1,8.6,9.2,3.8,11.2
1983-01-01,1983,1,6.2,3.1,8.7,5.4,4.3
1983-02-01,1983,2,1,0.8,4.7,0.8,0
1983-03-01,1983,3,39.2,30.4,21.5,42,29.1
1983-04-01,1983,4,24.7,27.5,25.3,39.2,14.5
1983-05-01,1983,5,78.3,105.7,55.5,85.5,138.8
1983-06-01,1983,6,74,56.3,76.5,65.8,75.5
1983-07-01,1983,7,60.7,33.1,49.3,47.5,33.3
1983-08-01,1983,8,57.6,21.6,60.7,27.5,53.5
1983-09-01,1983,9,7.7,7.7,8.3,7.5,10.4
1983-10-01,1983,10,21.3,46,44.3,26.9,36.3
1983-11-01,1983,11,45.9,37.1,27.2,46.3,30
1983-12-01,1983,12,16.7,12.2,12.1,11.1,17.5
1984-01-01,1984,1,8.7,0.5,2.6,3.9,9.7
1984-02-01,1984,2,12,3.3,4.7,4.3,9.6
1984-03-01,1984,3,12.9,10.6,17.7,13.7,29
1984-04-01,1984,4,75.2,56.9,78.7,55.5,84
1984-05-01,1984,5,58.9,80.2,39.7,60.5,64.6
1984-06-01,1984,6,69.1,166.9,120,90.5,64.2
1984-07-01,1984,7,56,34.4,39.8,32.7,66.5
1984-08-01,1984,8,11,25.9,25.4,33.1,23.2
1984-09-01,1984,9,10.5,11.3,18.7,11.3,28.9
1984-10-01,1984,10,11.5,1.3,17.1,1,14.6
1984-11-01,1984,11,11.5,15.8,12.9,21.3,13.7
1984-12-01,1984,12,9.6,9.7,9.8,8.8,9.4
1985-01-01,1985,1,12.7,14.9,11.8,16,9.9
1985-02-01,1985,2,8,0.3,1.7,0.5,5.1
1985-03-01,1985,3,25.5,30.9,39.4,21.9,10.1
1985-04-01,1985,4,31,20,8,23.1,25.7
1985-05-01,1985,5,27.6,18.3,31.5,10.6,27.4
1985-06-01,1985,6,33.2,49.5,40.2,40.2,31.9
1985-07-01,1985,7,40.2,48.1,26.3,50.7,44.2
1985-08-01,1985,8,26.7,40.3,47.4,37.1,26.7
1985-09-01,1985,9,62.7,36.5,40,47.8,65.2
1985-10-01,1985,10,49.5,30.8,24.9,28,16.8
1985-11-01,1985,11,40.5,41.5,56.4,38.6,49
1985-12-01,1985,12,8.6,11.9,19.8,14.7,5.7
1986-01-01,1986,1,20.4,13.4,12.6,7.7,5.9
1986-02-01,1986,2,21.3,16.8,23.5,13.4,22.9
1986-03-01,1986,3,29.7,46.3,22.3,35.1,17.5
1986-04-01,1986,4,107,138,120.5,111.3,93.4
1986-05-01,1986,5,34.2,57.5,36.3,51.1,33.3
1986-06-01,1986,6,178.1,97.7,115.9,105.4,110
1986-07-01,1986,7,38,49.1,23.2,63.7,32.9
1986-08-01,1986,8,17.2,71,33.5,74.4,11.4
1986-09-01,1986,9,72.8,71.8,80,89.7,76.7
1986-10-01,1986,10,42.5,37.4,41.8,39.4,41.2
1986-11-01,1986,11,10.4,18.6,35.5,12.4,22.6
1986-12-01,1986,12,2.8,0,0.3,0,3.8
1987-01-01,1987,1,0,2.3,1.1,1.8,1
1987-02-01,1987,2,37.8,62,43.4,70.3,42.7
1987-03-01,1987,3,58.8,49.9,29,71.7,62.3
1987-04-01,1987,4,0,10.5,0.5,15.7,2
1987-05-01,1987,5,109.8,92,86.2,89.5,157.4
1987-06-01,1987,6,49.1,33.8,34.9,18.6,19.8
1987-07-01,1987,7,15.3,40.4,21.2,45.2,29.4
1987-08-01,1987,8,26.2,23.9,60.3,34.5,22.7
1987-09-01,1987,9,18.7,9.6,17.4,10.4,22.7
1987-10-01,1987,10,14.5,6.8,6.6,15,12.9
1987-11-01,1987,11,16.5,5.1,7.6,1.4,12
1987-12-01,1987,12,16,11.2,7.9,12,12.5
1988-01-01,1988,1,7.9,8.4,4.5,6.7,4.1
1988-02-01,1988,2,2.3,20.6,8.8,29.8,7.3
1988-03-01,1988,3,5.1,22.9,13.2,7.7,3.3
1988-04-01,1988,4,14.5,15.7,15.3,10.9,19.8
1988-05-01,1988,5,107.4,74.7,82.6,90.3,91.3
1988-06-01,1988,6,59,104,27.7,74.7,61.1
1988-07-01,1988,7,73.9,39.7,9.6,7.6,26.2
1988-08-01,1988,8,26.1,28.8,50.3,24.9,67
1988-09-01,1988,9,35.1,14.3,14.3,20.1,22
1988-10-01,1988,10,5.8,14,19.3,13.5,10.6
1988-11-01,1988,11,23.2,15.3,20.7,17.6,17.7
1988-12-01,1988,12,6.3,13,11.9,8.8,9.2
1989-01-01,1989,1,0,2.1,0.6,1.6,0
1989-02-01,1989,2,8.2,11.5,8.9,10.2,10.9
1989-03-01,1989,3,27.6,36.1,24.4,37.8,28.4
1989-04-01,1989,4,39.7,29.5,37.3,53.4,35.3
1989-05-01,1989,5,25.3,35.9,35.5,27.5,37.6
1989-06-01,1989,6,39.8,23.3,26.6,18,21
1989-07-01,1989,7,47.7,27.2,20.9,49.1,45.4
1989-08-01,1989,8,45,4.8,43.4,18.8,25.3
1989-09-01,1989,9,79.4,88.4,78.6,103.6,65.5
1989-10-01,1989,10,6.6,24.2,37.9,23,18.1
1989-11-01,1989,11,3.3,27.3,11,6.7,4.8
1989-12-01,1989,12,6.9,13.7,21,14.2,8.3
1990-01-01,1990,1,1,1.8,5.7,0.3,1
1990-02-01,1990,2,11.3,5.3,9.4,6.4,8.5
1990-03-01,1990,3,32.7,41.1,29.8,28.2,30.2
1990-04-01,1990,4,38.7,15,19.7,18.4,54.4
1990-05-01,1990,5,85.9,74.5,123.8,102.9,103.6
1990-06-01,1990,6,36.3,47.6,36.2,69,74.1
1990-07-01,1990,7,80,71.9,49.4,75.8,45.7
1990-08-01,1990,8,20.8,21.9,47.5,40.1,12.5
1990-09-01,1990,9,29.5,14,62,13.8,26.4
1990-10-01,1990,10,11.9,8.3,15.7,9.4,17.1
1990-11-01,1990,11,12.4,14.3,11.2,10.6,15.7
1990-12-01,1990,12,9.1,11.2,8.4,9.7,16.6
1991-01-01,1991,1,1.5,4.4,8.3,4.9,1.3
1991-02-01,1991,2,21.1,34.6,19.6,25.4,23.9
1991-03-01,1991,3,13.1,6.7,16.1,9.2,16.1
1991-04-01,1991,4,59.4,59.3,76,48.8,70.4
1991-05-01,1991,5,216.6,173.4,112.1,165.8,123.5
1991-06-01,1991,6,107.7,148.7,83.4,196.9,150.7
1991-07-01,1991,7,20.3,5.6,50.1,24.9,15.8
1991-08-01,1991,8,54,36.8,14.6,57.4,46.7
1991-09-01,1991,9,17.5,19.4,14.9,42.3,19.3
1991-10-01,1991,10,35,38,25.6,29.6,36.1
1991-11-01,1991,11,20.9,13.6,18.6,16.1,26.1
1991-12-01,1991,12,2.5,1.8,1,2.5,1.8
1992-01-01,1992,1,11.5,21.9,7.3,21.4,3.8
1992-02-01,1992,2,23.4,19.9,4.1,19.9,19.8
1992-03-01,1992,3,50.2,42.2,48.8,38.7,48.8
1992-04-01,1992,4,14.5,23.7,18.2,28,17
1992-05-01,1992,5,82.6,29.2,62.7,38.9,91.8
1992-06-01,1992,6,72.3,145.7,55.3,80,114.1
1992-07-01,1992,7,90.4,106,83,101.2,87.6
1992-08-01,1992,8,36.6,25.7,12,33.8,31
1992-09-01,1992,9,5.8,10.7,10.7,4.1,4.9
1992-10-01,1992,10,11.7,0.5,17.3,16.4,15.3
1992-11-01,1992,11,22.6,36.7,10.2,19.7,16.2
1992-12-01,1992,12,9,5.6,14.5,6.1,13.3
1993-01-01,1993,1,10.1,8.9,17.3,15.5,18.8
1993-02-01,1993,2,22.6,27.9,15.6,20.6,26.7
1993-03-01,1993,3,23.4,7.7,21.1,9.1,9.7
1993-04-01,1993,4,40.1,47.3,77.6,105.2,59.6
1993-05-01,1993,5,49,67.8,54.9,68.3,32.5
1993-06-01,1993,6,151.9,120,86.2,119.9,118.2
1993-07-01,1993,7,87.3,115.7,109.7,128.7,104.2
1993-08-01,1993,8,32.8,35.4,30,63.8,130.1
1993-09-01,1993,9,39.9,45.7,37.2,66.6,50.5
1993-10-01,1993,10,36.6,9.7,23,28.4,40.1
1993-11-01,1993,11,22.3,25.9,17.9,21.5,13.2
1993-12-01,1993,12,11.2,14.2,13.4,19.6,13
1994-01-01,1994,1,12.3,8.7,11.6,9.3,11.7
1994-02-01,1994,2,6.9,14.5,16.9,13.9,11.3
1994-03-01,1994,3,8.4,6.7,9.5,3.1,16.7
1994-04-01,1994,4,14.4,45.5,30.5,40.4,22.1
1994-05-01,1994,5,26.1,21.2,37.4,57.4,33.7
1994-06-01,1994,6,55.9,48.7,17.1,91.7,41.7
1994-07-01,1994,7,44.2,52,16.4,48.5,19.9
1994-08-01,1994,8,42.9,77,23.5,78.6,41.9
1994-09-01,1994,9,11.2,17.5,6.9,12.9,9.9
1994-10-01,1994,10,102.5,48.8,72.2,50.2,64.2
1994-11-01,1994,11,4.6,10.7,16.8,8.1,3
1994-12-01,1994,12,29.8,6.4,8.9,7.4,26.4
1995-01-01,1995,1,16,6.2,2.4,7.9,21.9
1995-02-01,1995,2,13,22.2,14.1,18,10.4
1995-03-01,1995,3,8.2,33,20.1,24.5,13.5
1995-04-01,1995,4,42.8,48.2,65.5,83.1,41.5
1995-05-01,1995,5,100.9,132.4,102.4,159.6,106
1995-06-01,1995,6,83.8,68.3,114.4,93,106.5
1995-07-01,1995,7,87.4,30,73,44.5,52.1
1995-08-01,1995,8,4.3,2.9,11.7,20.9,24.1
1995-09-01,1995,9,57.9,21.1,22,22.1,50.8
1995-10-01,1995,10,51.4,62.7,61.5,74.2,55.4
1995-11-01,1995,11,19.5,15.6,10.7,15.3,13.7
1995-12-01,1995,12,3,2.6,3.4,4.9,7.3
1996-01-01,1996,1,11.3,20.4,21.7,21.8,12.5
1996-02-01,1996,2,0,3.6,2.6,3.1,0
1996-03-01,1996,3,17,22.7,26.9,16.8,14.7
1996-04-01,1996,4,52.6,32.5,41.5,33.9,50.3
1996-05-01,1996,5,97.9,129.7,208,172.7,125.7
1996-06-01,1996,6,22.4,29.4,31.4,65,29.2
1996-07-01,1996,7,27.7,50.2,13.1,20.3,16.9
1996-08-01,1996,8,90.7,25.1,46.9,24.7,103.4
1996-09-01,1996,9,41.2,79.4,39.5,80.3,47.7
1996-10-01,1996,10,40.6,81.6,74.2,81.6,30.8
1996-11-01,1996,11,8.6,14,1.9,12.5,8.1
1996-12-01,1996,12,12.7,27.8,37.3,28.6,11.2
1997-01-01,1997,1,24.4,32.5,16.5,30.8,25.6
1997-02-01,1997,2,16,18.1,7.2,25.2,18
1997-03-01,1997,3,6.9,12.7,5.2,10,7.4
1997-04-01,1997,4,80.4,68.7,122,60.7,63.8
1997-05-01,1997,5,94.4,84.9,135.9,119.7,93.5
1997-06-01,1997,6,109.4,160.4,87.4,99.7,79.7
1997-07-01,1997,7,129.8,163.8,93.3,139.3,192.2
1997-08-01,1997,8,46,50.6,99.9,75.6,21.6
1997-09-01,1997,9,21.7,17,19.8,23.5,20.9
1997-10-01,1997,10,49.1,46.9,12,52.8,26.3
1997-11-01,1997,11,0,7.2,5,3.2,0
1997-12-01,1997,12,1.3,1.6,2.1,2.7,0.5
1998-01-01,1998,1,7,8.7,3.9,6.9,9.4
1998-02-01,1998,2,19.6,13.8,31.7,13,17.2
1998-03-01,1998,3,42.3,69.3,33.7,79.1,42.4
1998-04-01,1998,4,2.8,6,7.2,3.1,5.1
1998-05-01,1998,5,62.8,77.3,59.6,101.9,98.6
1998-06-01,1998,6,78.9,86.9,142.2,144.3,115.7
1998-07-01,1998,7,83.8,58.6,32.1,101.4,98.6
1998-08-01,1998,8,77.1,94.8,36.1,59.4,109.2
1998-09-01,1998,9,60.2,21.6,38.1,20.9,55.1
1998-10-01,1998,10,70.8,89.5,142.5,122.1,88.8
1998-11-01,1998,11,40.4,22.2,28.8,34.1,56.4
1998-12-01,1998,12,8.4,3.8,1.6,2.3,4.8
1999-01-01,1999,1,12.9,17,5.5,11.2,15.4
1999-02-01,1999,2,6.1,3.6,0.6,3.5,2.3
1999-03-01,1999,3,11.5,19.1,33.8,33.1,11.5
1999-04-01,1999,4,94,63.3,62.4,77.3,80.2
1999-05-01,1999,5,78.7,60.7,114.2,64.2,49.2
1999-06-01,1999,6,158.3,102.9,133.1,164.1,147.5
1999-07-01,1999,7,26.5,12.9,93.6,76.3,30.6
1999-08-01,1999,8,55,53.4,12,86.4,96.3
1999-09-01,1999,9,43.4,62.8,21.6,79.1,39.1
1999-10-01,1999,10,4.8,3.6,2.8,8.3,0
1999-11-01,1999,11,10.4,5.8,10.9,28.4,20
1999-12-01,1999,12,1.6,3.4,5.3,5.8,0.3
2000-01-01,2000,1,19.8,13,5.9,13,23.4
2000-02-01,2000,2,19.7,17.3,3.8,5.5,25.6
2000-03-01,2000,3,57.1,35.1,34.8,61.2,32.8
2000-04-01,2000,4,117.9,91.2,100.4,117.9,101.9
2000-05-01,2000,5,61.6,25.8,60.8,30.5,59.1
2000-06-01,2000,6,25.9,53.5,40.7,44.6,29.9
2000-07-01,2000,7,25.7,41.1,52.5,59,29.7
2000-08-01,2000,8,9.9,7.1,17.8,26.2,21
2000-09-01,2000,9,30.4,5.2,11.5,6,49.2
2000-10-01,2000,10,44.9,33.5,39,26.4,30.5
2000-11-01,2000,11,15.5,29.3,12,50.4,19
2000-12-01,2000,12,8.7,14.6,2.8,8.8,15.2
2001-01-01,2001,1,9,17.3,6.1,17.1,8.9
2001-02-01,2001,2,28.5,29.7,4.4,27.3,35.4
2001-03-01,2001,3,35.7,12.6,10.7,12,13.5
2001-04-01,2001,4,45.7,71.1,54.8,63.4,59.7
2001-05-01,2001,5,33.3,42.3,44,50.9,72.6
2001-06-01,2001,6,93.1,56,90.6,94.4,74.3
2001-07-01,2001,7,31.3,116.6,62.5,142.2,53.1
2001-08-01,2001,8,21.7,27.7,40.5,26.5,20.1
2001-09-01,2001,9,10.7,24.7,23.2,8.6,18.3
2001-10-01,2001,10,21,16.8,24.7,26.7,25.3
2001-11-01,2001,11,11.5,18.1,1.8,17.1,12.7
2001-12-01,2001,12,1.3,0,0,0,0
2002-01-01,2002,1,1.4,5.6,1.4,3,0.8
2002-02-01,2002,2,3.8,4.8,5.1,6.3,2
2002-03-01,2002,3,44.6,32.3,17.6,26.2,42.5
2002-04-01,2002,4,31.2,27.5,57,24.4,41.4
2002-05-01,2002,5,60.7,49.5,41,58.8,59.1
2002-06-01,2002,6,24.9,8.9,10.8,16.3,27.1
2002-07-01,2002,7,17.3,23.3,28.9,23.3,7.8
2002-08-01,2002,8,65.6,46.3,19.3,46,58.1
2002-09-01,2002,9,80.7,88,62.3,67.5,84.7
2002-10-01,2002,10,16.8,31.4,16.6,25.6,6.9
2002-11-01,2002,11,4.1,0.6,1,1.8,8.4
2002-12-01,2002,12,5.6,3.6,0.9,3.8,4.4
2003-01-01,2003,1,12.6,8.4,8.6,9.7,12.1
2003-02-01,2003,2,5.6,17.3,5.8,20.9,7.1
2003-03-01,2003,3,96.6,35.8,26.6,28,39.9
2003-04-01,2003,4,68.1,51.3,52,67.5,43.2
2003-05-01,2003,5,54.2,40.7,33.5,73.3,58.7
2003-06-01,2003,6,122.7,44,62.3,64.8,85.9
2003-07-01,2003,7,5.9,11.3,12.3,55.4,2.6
2003-08-01,2003,8,21,13.8,12,11.1,31.2
2003-09-01,2003,9,41.8,22.7,34.9,28,60.3
2003-10-01,2003,10,10.9,16.8,12.6,16.8,16.8
2003-11-01,2003,11,16.3,16.8,12.8,15.7,20.6
2003-12-01,2003,12,5.1,2.2,6.4,3.6,4.8
2004-01-01,2004,1,4.4,7.9,0.8,8.7,5.8
2004-02-01,2004,2,13,2.9,23.8,8.3,13.8
2004-03-01,2004,3,23.6,31.1,25,23.6,13.4
2004-04-01,2004,4,14.8,7,12.8,7.1,21.4
2004-05-01,2004,5,19.7,42,64.8,45.4,31.4
2004-06-01,2004,6,16.5,47.8,25.8,48.2,18.6
2004-07-01,2004,7,42.6,32.8,75.3,42.7,52.8
2004-08-01,2004,8,21.5,16.7,20.2,15.6,22.4
2004-09-01,2004,9,73.4,100.5,51.8,104,73.4
2004-10-01,2004,10,31.5,42,32.6,24.1,31.6
2004-11-01,2004,11,16.4,2.4,0.3,2,5.5
2004-12-01,2004,12,0.6,1.1,1.6,0,1.3
2005-01-01,2005,1,8.9,11.1,14,9.4,13.4
2005-02-01,2005,2,2.3,1.3,4.1,0.6,5
2005-03-01,2005,3,14.3,28.5,28,34.6,17.2
2005-04-01,2005,4,76.5,80.3,37.1,77.4,51.1
2005-05-01,2005,5,80.2,104.6,134.6,127.5,103.4
2005-06-01,2005,6,145.5,63.8,31.3,58.9,68
2005-07-01,2005,7,83.1,30.4,23.5,52.1,50.7
2005-08-01,2005,8,40.4,19.9,45.8,39,58.2
2005-09-01,2005,9,24.7,30.3,14.6,14,10.5
2005-10-01,2005,10,18.3,16.3,21.3,12,18.6
2005-11-01,2005,11,1.4,7.3,6.4,9.3,0.8
2005-12-01,2005,12,5.7,22.2,6.4,17.6,4.4
2006-01-01,2006,1,15.6,8.1,3.6,10.4,7.9
2006-02-01,2006,2,11.8,9.8,5.1,6.8,8.9
2006-03-01,2006,3,47,45.7,30.6,52,57.1
2006-04-01,2006,4,56.2,52.3,53,58.1,41.2
2006-05-01,2006,5,48.8,12.5,46.3,25.5,31.6
2006-06-01,2006,6,66.9,23.6,23.7,21.3,28.7
2006-07-01,2006,7,38.2,14.7,19.4,9.7,47.3
2006-08-01,2006,8,42.3,60.7,44.9,42.9,27.9
2006-09-01,2006,9,30,57.1,50.8,77.3,27.8
2006-10-01,2006,10,3.6,13.4,8.8,11.8,10.1
2006-11-01,2006,11,11.2,11,12.1,17.3,9.9
2006-12-01,2006,12,6.1,8.9,0.3,1.5,6.6
2007-01-01,2007,1,3.3,1.1,3.1,1.8,3.6
2007-02-01,2007,2,2,14.5,20.2,14.7,13.8
2007-03-01,2007,3,24.9,46.5,12.4,60,20.4
2007-04-01,2007,4,37.8,37.3,33.6,13.6,28.5
2007-05-01,2007,5,56.4,58.7,74.5,123.2,50.4
2007-06-01,2007,6,25.7,40.6,24.6,75.8,25.5
2007-07-01,2007,7,15.4,14.5,30.5,7.4,40.6
2007-08-01,2007,8,64.3,59.4,71.8,76.4,65.1
2007-09-01,2007,9,30.7,29.2,21.1,15.5,25.5
2007-10-01,2007,10,31,44.2,15,39.1,30.7
2007-11-01,2007,11,0,0.6,0.8,0,0.3
2007-12-01,2007,12,14.1,10.4,13.1,17.5,13.1
2008-01-01,2008,1,5.1,6.7,8.7,8.8,4.6
2008-02-01,2008,2,2.4,12.1,13.1,15.2,2.9
2008-03-01,2008,3,9.7,15,15.2,11.7,25.2
2008-04-01,2008,4,37.5,35,35,43.1,45.9
2008-05-01,2008,5,129.2,141.1,183.9,129.1,140.3
2008-06-01,2008,6,50.8,97.6,79.2,135.3,64.1
2008-07-01,2008,7,92.7,99.8,56.1,99.8,75.4
2008-08-01,2008,8,11.9,47.5,36.2,9.4,48.8
2008-09-01,2008,9,38.7,14.9,22.1,70.1,50.3
2008-10-01,2008,10,50.8,28.9,37.4,31.2,31
2008-11-01,2008,11,35.6,52.1,25.9,68.6,8.7
2008-12-01,2008,12,38.6,20.9,9.5,21.7,6.8
2009-01-01,2009,1,32.8,9.8,9.4,13.6,12.6
2009-02-01,2009,2,15.8,29.7,19.7,32.1,15.8
2009-03-01,2009,3,36.4,41.5,52.7,64.8,36.4
2009-04-01,2009,4,83.4,52.8,92.7,64.4,83.4
2009-05-01,2009,5,42,8,24,12.8,42
2009-06-01,2009,6,94.7,54,72.1,59.4,94.7
2009-07-01,2009,7,52.2,73,44.9,27.3,54.7
2009-08-01,2009,8,49.9,30.1,37.7,25.2,65.1
2009-09-01,2009,9,19.6,8,48.4,2.1,21.2
2009-10-01,2009,10,75.9,99,50.2,116.3,62
2009-11-01,2009,11,20.9,3.8,4.3,4.3,6.9
2009-12-01,2009,12,31.9,25.9,18.5,27.2,20.6
2010-01-01,2010,1,4.3,7.9,5.1,15.9,3
2010-02-01,2010,2,11.5,10.2,5.9,8.3,13.7
2010-03-01,2010,3,11.7,27.4,4.4,44.2,15
2010-04-01,2010,4,107,91.6,77,90.1,116.1
2010-05-01,2010,5,118.5,71.5,131.9,62.2,147.3
2010-06-01,2010,6,99.4,101.4,116,74.1,152.5
2010-07-01,2010,7,37.9,101.9,42.2,32.1,65.1
2010-08-01,2010,8,22.2,27.5,33.8,35.1,74.4
2010-09-01,2010,9,25.9,30,38.4,21.4,36.9
2010-10-01,2010,10,6.8,32.8,8,47.1,6.9
2010-11-01,2010,11,11.7,15,10.8,7.4,10.2
2010-12-01,2010,12,9.9,11.9,15.5,25.9,19.6
2011-01-01,2011,1,13.5,11.3,13.8,13.1,16.3
2011-02-01,2011,2,15.3,40.1,29.5,32.8,21.7
2011-03-01,2011,3,12.6,11.2,23.4,25.3,25.2
2011-04-01,2011,4,32.1,45,39.1,52.8,35.7
2011-05-01,2011,5,138.4,129.4,149.3,106.4,135.6
2011-06-01,2011,6,68.7,198.7,97.6,124,51.9
2011-07-01,2011,7,19.2,108.7,16.9,77,32.1
2011-08-01,2011,8,38.7,29,44.7,46.2,71.4
2011-09-01,2011,9,32.5,38.1,19.1,40.4,29.7
2011-10-01,2011,10,23.7,12,35.1,9.9,16.1
2011-11-01,2011,11,8.6,9.4,18.2,6.4,10.3
2011-12-01,2011,12,3,3.8,7.4,7.9,3.5
2012-01-01,2012,1,17.8,5.9,8,4.1,3.1
2012-02-01,2012,2,11.5,12.5,9.7,22.6,9.8
2012-03-01,2012,3,3,0.5,1.3,2.3,1.8
2012-04-01,2012,4,44.8,52.1,78.3,66.2,39.6
2012-05-01,2012,5,67.5,32,53.9,67,72.1
2012-06-01,2012,6,122,114.9,51.8,109,59.4
2012-07-01,2012,7,16.4,19.8,39.8,3.8,56.1
2012-08-01,2012,8,4.9,35.5,14.8,9,3.3
2012-09-01,2012,9,4.6,0,3.5,0.3,1.5
2012-10-01,2012,10,20.6,22.6,11.2,18,20.9
2012-11-01,2012,11,18.8,4.3,11.5,9.2,17.5
2012-12-01,2012,12,11.8,4.2,6.3,8,4.1
2013-01-01,2013,1,12,22.3,11,21.3,16.2
2013-02-01,2013,2,2.5,5.4,4.6,7,3.8
2013-03-01,2013,3,8.3,14.2,20.9,17.6,12.1
2013-04-01,2013,4,60.4,73.5,77,80.6,68.3
2013-05-01,2013,5,60.8,86.4,80.3,133.9,38.3
2013-06-01,2013,6,46.9,57.9,55,54.3,41.1
2013-07-01,2013,7,105.7,19.9,47.5,36.4,105.5
2013-08-01,2013,8,51.9,76.7,61.2,89,71.8
2013-09-01,2013,9,46.1,13.4,30.1,29.9,32.8
2013-10-01,2013,10,125.3,175.9,140.2,169.9,133.4
2013-11-01,2013,11,12.3,7.9,9.6,11.2,12.6
2013-12-01,2013,12,12,19.6,14.3,18.2,16
2014-01-01,2014,1,1.3,1.5,5.2,1.3,0.8
2014-02-01,2014,2,7.3,5.7,7,10.3,8.2
2014-03-01,2014,3,15.7,6.9,27.9,16.1,12.1
2014-04-01,2014,4,94.5,31.5,57.8,54.1,64.5
2014-05-01,2014,5,80.7,59.2,39.1,75.4,63.6
2014-06-01,2014,6,101.2,104.5,133.3,151.7,127.3
2014-07-01,2014,7,25.1,20.6,49.3,12.7,32.8
2014-08-01,2014,8,82.9,71.6,102.2,34.8,34.2
2014-09-01,2014,9,97.4,53.3,80.6,47.8,105.7
2014-10-01,2014,10,18,7.9,13.7,4.4,28
2014-11-01,2014,11,15.3,13.4,20.7,16.6,14.6
2014-12-01,2014,12,9.4,10.3,10.7,16.6,9.6
2015-01-01,2015,1,6.1,0,4.7,0.8,7.1
2015-02-01,2015,2,11.2,4.6,6.3,2.8,10.1
2015-03-01,2015,3,5.1,2.5,2.5,0,5.8
2015-04-01,2015,4,41.4,20.3,16.8,33.4,45.3
2015-05-01,2015,5,150.6,175.2,174.2,240.5,214.2
2015-06-01,2015,6,153.8,172.5,181,151.3,181.5
2015-07-01,2015,7,38.4,24.4,101.9,13.5,65
2015-08-01,2015,8,39.4,77.4,86.7,49,19.9
2015-09-01,2015,9,13.2,22.9,6.4,27.1,10.7
2015-10-01,2015,10,45.2,36.6,33.3,39.1,51
2015-11-01,2015,11,31.4,20.1,11.8,21.2,16.5
2015-12-01,2015,12,22.1,37.4,16.1,32.5,15.2
2016-01-01,2016,1,3,3.1,5.4,5.6,4.1
2016-02-01,2016,2,14.7,4.8,16.3,5.3,4.1
2016-03-01,2016,3,31.5,38.7,27.8,48.9,36.8
2016-04-01,2016,4,61.9,79.3,47,103.1,49.2
2016-05-01,2016,5,53.1,23.9,21.4,35.2,65
2016-06-01,2016,6,59.4,26.8,31.1,15.5,33
2016-07-01,2016,7,23.9,27.4,72,65.5,96.9
2016-08-01,2016,8,34,69.9,58,68.2,69.7
2016-09-01,2016,9,38.4,2.9,21.3,8.5,49.1
2016-10-01,2016,10,13,8,11.7,9.7,7.9
2016-11-01,2016,11,3.8,4.1,5.9,10.2,0.8
2016-12-01,2016,12,27.1,17.2,19.6,29.4,38.4
2017-01-01,2017,1,20.6,22.4,9,23.6,9.9
2017-02-01,2017,2,35,7.7,11.9,10,28.4
2017-03-01,2017,3,33,19.4,13.5,15.5,25
2017-04-01,2017,4,70.9,58.6,45,83.3,78
2017-05-01,2017,5,53.3,27.5,29.6,38.1,58.7
2017-06-01,2017,6,58,79.9,44.5,49.3,72.3
2017-07-01,2017,7,35.5,40.4,27.2,24.9,53.8
2017-08-01,2017,8,19.8,9.4,52.5,9.1,13.9
2017-09-01,2017,9,30.8,31.5,29.2,42.5,24.2
2017-10-01,2017,10,19,24.7,14.7,29.7,11.1
2017-11-01,2017,11,16.5,2.8,3.7,2.4,15.7
2017-12-01,2017,12,14.8,7.4,7,7.6,18.1
2018-01-01,2018,1,13.3,8.6,4.3,14.5,20.4
2018-02-01,2018,2,18.3,23.7,20.2,23,33.3
2018-03-01,2018,3,24,38.1,34.4,33.3,32.7
2018-04-01,2018,4,33.5,47.4,43.4,46.3,36.6
2018-05-01,2018,5,139.8,114.4,102.6,119.3,136.1
